165	31.625	125
166	31.625	125
166	31.625	126
165	31.5	126
167	31.5	126
164	31.375	125
165	31.375	124
167	31.375	125
164	31.25	124
166	31.25	124
166	31.25	127
306	31.25	41
167	31.125	127
306	31.125	40
307	31.125	40
307	31.125	41
164	31	126
168	31	126
305	31	40
305	31	41
165	30.875	127
167	30.875	124
168	30.875	127
306	30.875	39
306	30.875	42
307	30.875	39
163	30.75	124
163	30.75	125
165	30.75	123
168	30.75	125
305	30.75	42
307	30.75	42
308	30.75	40
308	30.75	41
164	30.625	123
305	30.625	39
166	30.5	123
304	30.5	41
308	30.5	39
167	30.375	128
304	30.375	40
306	30.375	38
307	30.375	38
308	30.375	42
163	30.25	123
163	30.25	126
164	30.25	127
166	30.25	128
304	30.25	42
306	30.25	43
168	30.125	124
168	30.125	128
169	30.125	126
187	30.125	114
212	30.125	95
304	30.125	39
305	30.125	38
308	30.125	38
309	30.125	40
162	30	124
167	30	123
169	30	127
212	30	94
305	30	43
307	30	43
309	30	39
309	30	41
162	29.875	125
169	29.875	125
187	29.875	113
187	29.875	115
211	29.875	95
211	29.875	96
212	29.875	96
165	29.75	128
186	29.75	114
186	29.75	115
188	29.75	113
188	29.75	114
213	29.75	94
213	29.75	95
306	29.75	37
162	29.625	123
169	29.625	128
210	29.625	96
211	29.625	94
211	29.625	97
303	29.625	41
307	29.625	37
309	29.625	38
309	29.625	42
164	29.5	122
165	29.5	122
186	29.5	113
186	29.5	116
187	29.5	112
187	29.5	116
188	29.5	112
188	29.5	115
210	29.5	97
303	29.5	40
304	29.5	38
304	29.5	43
305	29.5	37
308	29.5	37
308	29.5	43
163	29.375	122
163	29.375	127
210	29.375	95
212	29.375	93
212	29.375	97
213	29.375	93
213	29.375	96
303	29.375	42
310	29.375	39
310	29.375	40
162	29.25	126
166	29.25	122
167	29.25	129
168	29.25	123
169	29.25	124
189	29.25	113
189	29.25	114
303	29.25	39
161	29.125	124
168	29.125	129
170	29.125	126
170	29.125	127
185	29.125	115
189	29.125	112
214	29.125	94
306	29.125	44
309	29.125	37
310	29.125	38
310	29.125	41
162	29	122
164	29	128
185	29	114
185	29	116
186	29	112
186	29	117
188	29	116
210	29	94
210	29	98
211	29	93
211	29	98
214	29	95
304	29	37
305	29	44
306	29	36
307	29	36
307	29	44
161	28.875	123
161	28.875	125
166	28.875	129
187	28.875	117
188	28.875	111
209	28.875	96
209	28.875	97
214	28.875	93
305	28.875	36
308	28.875	36
309	28.875	43
169	28.75	129
170	28.75	125
170	28.75	128
187	28.75	111
189	28.75	111
189	28.75	115
209	28.75	98
213	28.75	92
213	28.75	97
303	28.75	38
303	28.75	43
310	28.75	37
167	28.625	122
185	28.625	113
185	28.625	117
212	28.625	92
304	28.625	44
310	28.625	42
311	28.625	39
161	28.5	122
190	28.5	112
190	28.5	113
209	28.5	95
212	28.5	98
214	28.5	96
302	28.5	40
302	28.5	41
308	28.5	44
309	28.5	36
311	28.5	38
311	28.5	40
162	28.375	127
188	28.375	117
214	28.375	92
304	28.375	36
306	28.375	35
307	28.375	35
161	28.25	126
163	28.25	121
164	28.25	121
165	28.25	129
169	28.25	123
170	28.25	124
186	28.25	111
186	28.25	118
190	28.25	111
190	28.25	114
210	28.25	93
210	28.25	99
211	28.25	92
285	28.25	48
285	28.25	49
302	28.25	42
303	28.25	37
308	28.25	35
311	28.25	37
311	28.25	41
160	28.125	124
170	28.125	129
184	28.125	116
185	28.125	112
188	28.125	110
189	28.125	110
189	28.125	116
208	28.125	97
208	28.125	98
209	28.125	99
215	28.125	94
284	28.125	49
286	28.125	48
302	28.125	39
305	28.125	35
310	28.125	36
160	28	123
162	28	121
163	28	128
165	28	121
171	28	127
184	28	115
185	28	118
187	28	118
208	28	96
209	28	94
211	28	99
215	28	93
284	28	48
284	28	50
285	28	47
285	28	50
286	28	47
286	28	49
168	27.875	122
168	27.875	130
171	27.875	126
184	27.875	114
184	27.875	117
187	27.875	110
302	27.875	43
303	27.875	44
309	27.875	35
310	27.875	43
160	27.75	122
160	27.75	125
161	27.75	121
167	27.75	130
171	27.75	128
190	27.75	110
190	27.75	115
208	27.75	99
213	27.75	91
213	27.75	98
215	27.75	95
261	27.75	59
261	27.75	60
262	27.75	59
262	27.75	60
283	27.75	49
283	27.75	50
286	27.75	50
287	27.75	47
287	27.75	48
302	27.75	38
304	27.75	35
305	27.75	45
306	27.75	34
306	27.75	45
307	27.75	34
309	27.75	44
311	27.75	36
311	27.75	42
312	27.75	38
312	27.75	39
166	27.625	121
169	27.625	130
191	27.625	111
191	27.625	112
191	27.625	113
214	27.625	97
215	27.625	92
283	27.625	48
284	27.625	47
284	27.625	51
286	27.625	46
287	27.625	49
303	27.625	36
307	27.625	45
312	27.625	40
171	27.5	125
184	27.5	118
208	27.5	95
212	27.5	91
212	27.5	99
260	27.5	60
261	27.5	61
283	27.5	51
285	27.5	46
285	27.5	51
287	27.5	46
305	27.5	34
308	27.5	34
310	27.5	35
312	27.5	37
164	27.375	129
184	27.375	113
188	27.375	118
189	27.375	109
189	27.375	117
207	27.375	98
209	27.375	100
210	27.375	92
214	27.375	91
260	27.375	59
260	27.375	61
261	27.375	58
262	27.375	58
262	27.375	61
263	27.375	59
288	27.375	47
301	27.375	41
160	27.25	126
161	27.25	127
166	27.25	130
170	27.25	123
185	27.25	111
185	27.25	119
186	27.25	110
186	27.25	119
188	27.25	109
191	27.25	110
191	27.25	114
209	27.25	93
210	27.25	100
235	27.25	75
236	27.25	74
236	27.25	75
263	27.25	60
282	27.25	49
282	27.25	50
286	27.25	51
287	27.25	50
288	27.25	46
288	27.25	48
301	27.25	40
301	27.25	42
302	27.25	37
304	27.25	45
308	27.25	45
309	27.25	34
160	27.125	121
171	27.125	129
190	27.125	109
207	27.125	97
207	27.125	99
208	27.125	100
211	27.125	91
215	27.125	96
235	27.125	74
235	27.125	76
236	27.125	73
282	27.125	51
283	27.125	47
284	27.125	46
311	27.125	35
312	27.125	36
312	27.125	41
71	27	133
159	27	123
159	27	124
162	27	128
167	27	121
169	27	122
170	27	130
171	27	124
190	27	116
211	27	100
234	27	76
234	27	77
235	27	77
236	27	76
237	27	73
237	27	74
260	27	58
263	27	58
286	27	45
287	27	45
288	27	49
301	27	39
302	27	44
303	27	35
304	27	34
306	27	33
307	27	33
70	26.875	133
71	26.875	134
91	26.875	130
92	26.875	130
159	26.875	122
162	26.875	120
163	26.875	120
183	26.875	116
183	26.875	117
184	26.875	119
187	26.875	109
187	26.875	119
208	26.875	94
215	26.875	91
216	26.875	93
234	26.875	75
234	26.875	78
235	26.875	78
237	26.875	75
259	26.875	60
259	26.875	61
260	26.875	62
261	26.875	62
263	26.875	61
282	26.875	48
284	26.875	52
288	26.875	45
301	26.875	43
308	26.875	33
310	26.875	34
310	26.875	44
311	26.875	43
72	26.75	133
72	26.75	134
92	26.75	131
159	26.75	125
161	26.75	120
172	26.75	126
172	26.75	127
183	26.75	115
183	26.75	118
184	26.75	112
192	26.75	111
192	26.75	112
207	26.75	96
207	26.75	100
216	26.75	94
234	26.75	79
235	26.75	73
236	26.75	72
236	26.75	77
237	26.75	72
283	26.75	52
285	26.75	45
285	26.75	52
287	26.75	51
289	26.75	46
289	26.75	47
302	26.75	36
303	26.75	45
305	26.75	33
313	26.75	37
313	26.75	38
313	26.75	39
70	26.625	132
70	26.625	134
71	26.625	132
90	26.625	130
91	26.625	129
91	26.625	131
93	26.625	130
93	26.625	131
164	26.625	120
172	26.625	128
191	26.625	109
191	26.625	115
213	26.625	99
214	26.625	98
216	26.625	92
233	26.625	77
233	26.625	78
233	26.625	79
234	26.625	74
238	26.625	73
259	26.625	59
262	26.625	57
262	26.625	62
288	26.625	50
289	26.625	48
301	26.625	38
312	26.625	35
312	26.625	42
69	26.5	132
69	26.5	133
90	26.5	129
92	26.5	129
142	26.5	128
165	26.5	130
192	26.5	113
213	26.5	90
233	26.5	76
235	26.5	79
237	26.5	76
238	26.5	72
238	26.5	74
259	26.5	62
261	26.5	57
264	26.5	59
264	26.5	60
281	26.5	50
282	26.5	52
286	26.5	52
289	26.5	45
309	26.5	33
309	26.5	45
311	26.5	34
73	26.375	134
143	26.375	128
159	26.375	121
163	26.375	129
168	26.375	121
172	26.375	125
183	26.375	114
189	26.375	108
189	26.375	118
192	26.375	110
206	26.375	98
206	26.375	99
209	26.375	92
212	26.375	90
212	26.375	100
214	26.375	90
216	26.375	95
233	26.375	80
234	26.375	80
236	26.375	78
281	26.375	49
281	26.375	51
283	26.375	46
287	26.375	44
289	26.375	49
313	26.375	36
313	26.375	40
71	26.25	135
72	26.25	132
72	26.25	135
90	26.25	131
92	26.25	132
93	26.25	132
94	26.25	130
94	26.25	131
141	26.25	128
142	26.25	127
160	26.25	120
160	26.25	127
165	26.25	120
168	26.25	131
171	26.25	123
171	26.25	130
183	26.25	119
185	26.25	110
185	26.25	120
188	26.25	108
188	26.25	119
190	26.25	108
207	26.25	95
208	26.25	101
209	26.25	101
210	26.25	91
215	26.25	97
233	26.25	75
235	26.25	72
237	26.25	71
238	26.25	75
263	26.25	57
264	26.25	58
282	26.25	47
288	26.25	44
301	26.25	37
303	26.25	34
304	26.25	33
306	26.25	32
306	26.25	46
307	26.25	32
69	26.125	134
73	26.125	133
89	26.125	129
89	26.125	130
93	26.125	129
141	26.125	127
142	26.125	129
143	26.125	127
143	26.125	129
144	26.125	128
159	26.125	126
169	26.125	131
170	26.125	122
184	26.125	120
186	26.125	109
186	26.125	120
190	26.125	117
206	26.125	97
210	26.125	101
232	26.125	78
232	26.125	79
234	26.125	73
237	26.125	77
258	26.125	61
259	26.125	58
260	26.125	57
260	26.125	63
263	26.125	62
264	26.125	61
284	26.125	45
286	26.125	44
288	26.125	51
289	26.125	44
290	26.125	46
290	26.125	47
300	26.125	41
300	26.125	42
301	26.125	44
302	26.125	35
302	26.125	45
305	26.125	46
307	26.125	46
308	26.125	32
310	26.125	33
312	26.125	34
68	26	132
73	26	135
91	26	132
158	26	123
161	26	128
167	26	131
172	26	129
206	26	100
207	26	101
208	26	93
216	26	91
232	26	77
232	26	80
235	26	80
236	26	71
236	26	79
238	26	71
258	26	60
261	26	63
287	26	52
290	26	45
300	26	40
305	26	32
313	26	35
313	26	41
68	25.875	133
69	25.875	131
70	25.875	131
70	25.875	135
90	25.875	128
91	25.875	128
94	25.875	132
141	25.875	129
144	25.875	129
158	25.875	124
172	25.875	124
183	25.875	113
184	25.875	111
191	25.875	108
192	25.875	109
192	25.875	114
211	25.875	90
215	25.875	90
233	25.875	81
238	25.875	76
239	25.875	73
258	25.875	62
259	25.875	63
281	25.875	48
281	25.875	52
284	25.875	53
289	25.875	50
290	25.875	48
304	25.875	46
309	25.875	32
311	25.875	33
71	25.75	131
95	25.75	131
140	25.75	127
140	25.75	128
144	25.75	127
158	25.75	122
166	25.75	120
170	25.75	131
183	25.75	120
187	25.75	108
211	25.75	101
232	25.75	76
233	25.75	74
234	25.75	81
239	25.75	72
239	25.75	74
283	25.75	53
285	25.75	44
285	25.75	53
300	25.75	39
300	25.75	43
301	25.75	36
308	25.75	46
311	25.75	44
74	25.625	134
89	25.625	128
89	25.625	131
92	25.625	128
94	25.625	129
95	25.625	130
141	25.625	126
142	25.625	126
145	25.625	128
158	25.625	125
159	25.625	120
164	25.625	130
169	25.625	121
182	25.625	117
182	25.625	118
187	25.625	120
191	25.625	116
193	25.625	111
193	25.625	112
206	25.625	96
216	25.625	96
232	25.625	81
237	25.625	78
258	25.625	59
262	25.625	63
264	25.625	57
265	25.625	59
282	25.625	53
290	25.625	44
290	25.625	49
307	25.625	31
310	25.625	45
312	25.625	43
314	25.625	37
314	25.625	38
68	25.5	131
73	25.5	132
74	25.5	135
88	25.5	129
90	25.5	132
140	25.5	126
143	25.5	126
143	25.5	130
162	25.5	119
173	25.5	126
173	25.5	127
182	25.5	116
182	25.5	119
193	25.5	110
207	25.5	94
214	25.5	99
217	25.5	93
258	25.5	63
261	25.5	56
262	25.5	56
265	25.5	60
280	25.5	50
280	25.5	51
282	25.5	46
286	25.5	53
287	25.5	43
288	25.5	43
291	25.5	45
291	25.5	46
300	25.5	38
302	25.5	34
303	25.5	33
306	25.5	31
308	25.5	31
310	25.5	32
313	25.5	34
314	25.5	36
314	25.5	39
68	25.375	134
72	25.375	136
88	25.375	130
95	25.375	132
142	25.375	130
145	25.375	127
145	25.375	129
158	25.375	121
161	25.375	119
162	25.375	129
166	25.375	131
189	25.375	107
190	25.375	107
205	25.375	99
206	25.375	101
213	25.375	100
217	25.375	92
231	25.375	78
231	25.375	79
231	25.375	80
234	25.375	72
235	25.375	71
236	25.375	80
237	25.375	70
239	25.375	71
239	25.375	75
259	25.375	57
264	25.375	62
265	25.375	58
283	25.375	45
288	25.375	52
289	25.375	43
289	25.375	51
291	25.375	47
301	25.375	45
303	25.375	46
304	25.375	32
312	25.375	33
313	25.375	42
67	25.25	132
69	25.25	135
72	25.25	131
73	25.25	136
74	25.25	133
88	25.25	128
92	25.25	133
93	25.25	128
93	25.25	133
139	25.25	127
140	25.25	129
144	25.25	130
159	25.25	127
163	25.25	119
171	25.25	122
172	25.25	123
172	25.25	130
173	25.25	125
173	25.25	128
182	25.25	120
192	25.25	108
193	25.25	113
205	25.25	98
208	25.25	102
209	25.25	91
215	25.25	98
217	25.25	94
232	25.25	75
233	25.25	82
235	25.25	81
238	25.25	70
238	25.25	77
263	25.25	56
280	25.25	49
281	25.25	47
281	25.25	53
291	25.25	44
291	25.25	48
300	25.25	37
300	25.25	44
301	25.25	35
309	25.25	31
314	25.25	35
314	25.25	40
67	25.125	133
71	25.125	136
94	25.125	133
117	25.125	129
118	25.125	129
119	25.125	129
119	25.125	130
120	25.125	129
120	25.125	130
139	25.125	126
139	25.125	128
144	25.125	126
160	25.125	119
167	25.125	120
171	25.125	131
182	25.125	115
183	25.125	112
183	25.125	121
184	25.125	121
185	25.125	121
188	25.125	107
189	25.125	119
192	25.125	115
193	25.125	109
205	25.125	100
208	25.125	92
209	25.125	102
213	25.125	89
216	25.125	90
231	25.125	77
231	25.125	81
232	25.125	82
234	25.125	82
236	25.125	70
237	25.125	79
257	25.125	61
260	25.125	56
263	25.125	63
265	25.125	61
280	25.125	52
284	25.125	44
286	25.125	43
290	25.125	43
290	25.125	50
305	25.125	31
309	25.125	46
311	25.125	32
89	25	127
90	25	127
91	25	133
95	25	129
96	25	131
116	25	129
117	25	130
118	25	130
121	25	129
121	25	130
141	25	130
146	25	128
158	25	126
160	25	128
185	25	109
190	25	118
191	25	107
207	25	102
210	25	90
212	25	101
214	25	89
233	25	73
257	25	62
258	25	58
259	25	64
260	25	64
287	25	53
292	25	45
292	25	46
299	25	41
299	25	42
67	24.875	131
74	24.875	136
88	24.875	131
89	24.875	132
91	24.875	127
117	24.875	128
118	24.875	128
164	24.875	119
170	24.875	121
173	24.875	124
182	24.875	121
184	24.875	110
186	24.875	108
205	24.875	97
206	24.875	95
210	24.875	102
212	24.875	89
217	24.875	91
240	24.875	72
240	24.875	73
257	24.875	60
257	24.875	63
261	24.875	64
264	24.875	56
265	24.875	57
291	24.875	49
292	24.875	47
299	24.875	40
299	24.875	43
302	24.875	46
310	24.875	31
313	24.875	33
69	24.75	130
70	24.75	130
95	24.75	133
96	24.75	130
96	24.75	132
116	24.75	128
116	24.75	130
119	24.75	128
120	24.75	128
120	24.75	131
121	24.75	131
122	24.75	130
140	24.75	125
141	24.75	125
142	24.75	125
145	24.75	126
145	24.75	130
146	24.75	127
146	24.75	129
157	24.75	123
157	24.75	124
158	24.75	120
173	24.75	129
186	24.75	121
188	24.75	120
205	24.75	101
217	24.75	95
231	24.75	76
231	24.75	82
239	24.75	70
239	24.75	76
258	24.75	64
280	24.75	48
289	24.75	52
291	24.75	43
292	24.75	44
299	24.75	39
300	24.75	36
306	24.75	47
307	24.75	30
308	24.75	30
312	24.75	32
314	24.75	34
314	24.75	41
68	24.625	130
70	24.625	136
74	24.625	132
75	24.625	134
75	24.625	135
87	24.625	129
88	24.625	127
94	24.625	128
115	24.625	129
118	24.625	131
119	24.625	131
122	24.625	129
122	24.625	131
138	24.625	127
157	24.625	122
157	24.625	125
159	24.625	119
163	24.625	130
168	24.625	120
168	24.625	132
169	24.625	132
181	24.625	118
181	24.625	119
181	24.625	120
182	24.625	114
191	24.625	117
192	24.625	107
193	24.625	108
194	24.625	111
206	24.625	102
207	24.625	93
215	24.625	89
216	24.625	97
232	24.625	74
236	24.625	81
238	24.625	78
240	24.625	74
280	24.625	53
283	24.625	54
285	24.625	43
288	24.625	42
289	24.625	42
290	24.625	51
292	24.625	48
299	24.625	44
300	24.625	45
301	24.625	34
302	24.625	33
303	24.625	32
305	24.625	47
306	24.625	30
307	24.625	47
309	24.625	30
311	24.625	31
311	24.625	45
312	24.625	44
315	24.625	37
73	24.5	131
87	24.5	128
87	24.5	130
90	24.5	133
92	24.5	127
115	24.5	128
115	24.5	130
117	24.5	131
121	24.5	128
138	24.5	126
139	24.5	125
139	24.5	129
140	24.5	130
143	24.5	125
165	24.5	131
172	24.5	122
173	24.5	123
174	24.5	125
174	24.5	126
181	24.5	121
187	24.5	107
193	24.5	114
194	24.5	110
194	24.5	112
211	24.5	89
230	24.5	79
230	24.5	80
232	24.5	83
234	24.5	71
235	24.5	70
235	24.5	82
237	24.5	80
240	24.5	71
262	24.5	64
266	24.5	59
282	24.5	45
282	24.5	54
284	24.5	54
288	24.5	53
291	24.5	50
293	24.5	45
293	24.5	46
299	24.5	38
304	24.5	31
313	24.5	43
315	24.5	36
315	24.5	38
66	24.375	132
67	24.375	134
68	24.375	135
71	24.375	130
123	24.375	130
138	24.375	128
143	24.375	131
147	24.375	128
161	24.375	129
165	24.375	119
170	24.375	132
174	24.375	127
181	24.375	117
190	24.375	106
211	24.375	102
230	24.375	78
230	24.375	81
233	24.375	83
237	24.375	69
238	24.375	69
257	24.375	59
257	24.375	64
259	24.375	56
262	24.375	55
264	24.375	63
265	24.375	62
266	24.375	58
266	24.375	60
279	24.375	51
283	24.375	44
285	24.375	54
287	24.375	42
290	24.375	42
292	24.375	43
293	24.375	44
293	24.375	47
300	24.375	35
301	24.375	46
304	24.375	47
66	24.25	131
75	24.25	136
96	24.25	129
96	24.25	133
97	24.25	131
114	24.25	129
116	24.25	131
117	24.25	127
123	24.25	129
123	24.25	131
142	24.25	131
144	24.25	125
144	24.25	131
146	24.25	126
146	24.25	130
157	24.25	121
158	24.25	127
167	24.25	132
172	24.25	131
174	24.25	124
182	24.25	122
183	24.25	111
183	24.25	122
189	24.25	106
191	24.25	106
194	24.25	109
204	24.25	99
204	24.25	100
217	24.25	90
231	24.25	75
233	24.25	72
240	24.25	75
258	24.25	57
261	24.25	55
263	24.25	55
279	24.25	50
279	24.25	52
281	24.25	46
281	24.25	54
292	24.25	49
298	24.25	42
298	24.25	43
299	24.25	37
308	24.25	47
310	24.25	30
310	24.25	46
313	24.25	32
314	24.25	33
315	24.25	35
315	24.25	39
66	24.125	133
67	24.125	130
75	24.125	133
87	24.125	127
88	24.125	132
97	24.125	132
114	24.125	130
116	24.125	127
118	24.125	127
119	24.125	127
122	24.125	128
138	24.125	125
147	24.125	127
147	24.125	129
157	24.125	126
159	24.125	128
171	24.125	121
173	24.125	130
174	24.125	128
180	24.125	121
181	24.125	122
184	24.125	122
187	24.125	121
192	24.125	116
205	24.125	96
205	24.125	102
208	24.125	91
208	24.125	103
209	24.125	90
213	24.125	101
214	24.125	100
216	24.125	89
230	24.125	77
230	24.125	82
231	24.125	83
234	24.125	83
239	24.125	77
256	24.125	62
265	24.125	56
286	24.125	54
291	24.125	42
293	24.125	48
294	24.125	45
294	24.125	46
298	24.125	41
299	24.125	45
305	24.125	30
312	24.125	31
73	24	137
87	24	131
89	24	126
93	24	127
93	24	134
95	24	128
97	24	130
114	24	128
115	24	131
120	24	132
121	24	132
122	24	132
137	24	126
137	24	127
161	24	118
169	24	120
180	24	120
180	24	122
181	24	116
182	24	113
188	24	106
204	24	98
204	24	101
206	24	94
207	24	103
209	24	103
215	24	99
218	24	92
218	24	93
236	24	69
238	24	79
239	24	69
240	24	70
256	24	63
258	24	65
259	24	65
264	24	55
266	24	57
266	24	61
280	24	47
286	24	42
290	24	52
293	24	43
294	24	44
298	24	40
298	24	44
299	24	36
303	24	47
307	24	29
308	24	29
311	24	30
314	24	42
69	23.875	136
72	23.875	130
72	23.875	137
74	23.875	137
92	23.875	134
94	23.875	134
115	23.875	127
119	23.875	132
120	23.875	127
124	23.875	130
124	23.875	131
141	23.875	131
145	23.875	125
145	23.875	131
158	23.875	119
160	23.875	118
162	23.875	118
166	23.875	119
173	23.875	122
174	23.875	123
175	23.875	125
180	23.875	119
192	23.875	106
193	23.875	107
194	23.875	113
217	23.875	96
256	23.875	61
260	23.875	55
260	23.875	65
263	23.875	64
279	23.875	49
279	23.875	53
280	23.875	54
284	23.875	43
289	23.875	53
291	23.875	51
294	23.875	47
298	23.875	39
301	23.875	33
302	23.875	32
309	23.875	29
315	23.875	34
315	23.875	40
86	23.75	128
86	23.75	129
88	23.75	126
89	23.75	133
90	23.75	126
95	23.75	134
97	23.75	133
118	23.75	132
123	23.75	132
137	23.75	125
138	23.75	129
140	23.75	124
141	23.75	124
147	23.75	126
148	23.75	128
156	23.75	123
156	23.75	124
157	23.75	120
171	23.75	132
175	23.75	124
175	23.75	126
179	23.75	122
180	23.75	123
181	23.75	123
185	23.75	108
185	23.75	122
194	23.75	108
206	23.75	103
207	23.75	92
210	23.75	89
213	23.75	88
214	23.75	88
230	23.75	83
232	23.75	73
236	23.75	82
241	23.75	72
256	23.75	64
257	23.75	58
257	23.75	65
287	23.75	54
289	23.75	41
292	23.75	42
292	23.75	50
293	23.75	49
294	23.75	43
295	23.75	44
295	23.75	45
295	23.75	46
297	23.75	43
297	23.75	44
298	23.75	38
298	23.75	45
300	23.75	34
300	23.75	46
303	23.75	31
306	23.75	29
313	23.75	31
314	23.75	32
66	23.625	130
113	23.625	129
113	23.625	130
114	23.625	131
121	23.625	127
123	23.625	128
124	23.625	129
137	23.625	128
139	23.625	124
139	23.625	130
142	23.625	124
148	23.625	127
156	23.625	125
163	23.625	118
164	23.625	131
174	23.625	129
175	23.625	123
179	23.625	121
179	23.625	123
182	23.625	123
184	23.625	109
186	23.625	107
190	23.625	119
193	23.625	115
210	23.625	103
212	23.625	102
216	23.625	98
218	23.625	91
218	23.625	94
230	23.625	76
237	23.625	81
240	23.625	76
241	23.625	73
288	23.625	41
290	23.625	41
294	23.625	48
296	23.625	44
296	23.625	45
297	23.625	42
299	23.625	35
302	23.625	47
309	23.625	47
310	23.625	29
312	23.625	30
71	23.5	137
74	23.5	131
76	23.5	135
86	23.5	130
91	23.5	126
91	23.5	134
98	23.5	131
98	23.5	132
114	23.5	127
117	23.5	132
124	23.5	132
136	23.5	126
138	23.5	124
147	23.5	130
148	23.5	129
156	23.5	122
157	23.5	127
159	23.5	118
160	23.5	129
162	23.5	130
166	23.5	132
172	23.5	121
175	23.5	127
176	23.5	124
177	23.5	123
178	23.5	122
178	23.5	123
180	23.5	118
181	23.5	115
189	23.5	120
190	23.5	105
195	23.5	110
195	23.5	111
204	23.5	97
204	23.5	102
212	23.5	88
215	23.5	88
229	23.5	79
229	23.5	80
229	23.5	81
231	23.5	74
232	23.5	84
234	23.5	70
235	23.5	83
241	23.5	71
256	23.5	60
261	23.5	65
265	23.5	55
265	23.5	63
266	23.5	56
267	23.5	59
293	23.5	42
295	23.5	43
295	23.5	47
296	23.5	43
297	23.5	41
297	23.5	45
298	23.5	37
299	23.5	46
304	23.5	30
311	23.5	29
312	23.5	45
313	23.5	44
315	23.5	33
47	23.375	132
65	23.375	131
65	23.375	132
75	23.375	132
75	23.375	137
76	23.375	134
76	23.375	136
86	23.375	127
87	23.375	126
94	23.375	127
96	23.375	134
97	23.375	129
113	23.375	128
125	23.375	130
125	23.375	131
136	23.375	127
143	23.375	124
146	23.375	125
146	23.375	131
156	23.375	126
170	23.375	120
174	23.375	122
176	23.375	123
176	23.375	125
177	23.375	124
178	23.375	124
179	23.375	120
179	23.375	124
183	23.375	123
187	23.375	106
191	23.375	105
191	23.375	118
205	23.375	95
205	23.375	103
217	23.375	89
231	23.375	84
235	23.375	69
239	23.375	78
241	23.375	74
258	23.375	56
266	23.375	62
267	23.375	58
267	23.375	60
278	23.375	51
278	23.375	52
282	23.375	44
285	23.375	42
287	23.375	41
288	23.375	54
291	23.375	41
296	23.375	42
296	23.375	46
297	23.375	40
315	23.375	41
316	23.375	37
47	23.25	131
48	23.25	132
66	23.25	134
67	23.25	135
87	23.25	132
96	23.25	128
116	23.25	132
117	23.25	126
122	23.25	127
136	23.25	125
140	23.25	131
148	23.25	126
158	23.25	128
167	23.25	119
177	23.25	122
178	23.25	121
180	23.25	124
182	23.25	112
186	23.25	122
189	23.25	105
193	23.25	106
194	23.25	107
195	23.25	109
195	23.25	112
203	23.25	100
229	23.25	78
229	23.25	82
233	23.25	71
233	23.25	84
237	23.25	68
238	23.25	68
238	23.25	80
240	23.25	69
256	23.25	65
259	23.25	55
262	23.25	54
263	23.25	54
264	23.25	64
279	23.25	48
279	23.25	54
281	23.25	45
282	23.25	55
283	23.25	55
291	23.25	52
294	23.25	42
295	23.25	42
297	23.25	39
297	23.25	46
298	23.25	36
298	23.25	46
301	23.25	47
305	23.25	29
311	23.25	46
313	23.25	30
314	23.25	31
314	23.25	43
316	23.25	36
316	23.25	38
47	23.125	133
48	23.125	131
48	23.125	133
68	23.125	129
69	23.125	129
73	23.125	130
98	23.125	130
98	23.125	133
113	23.125	131
116	23.125	126
118	23.125	126
121	23.125	133
122	23.125	133
124	23.125	128
125	23.125	129
137	23.125	124
143	23.125	132
149	23.125	128
164	23.125	118
172	23.125	132
173	23.125	131
175	23.125	122
175	23.125	128
176	23.125	122
176	23.125	126
177	23.125	125
180	23.125	117
183	23.125	110
188	23.125	121
192	23.125	105
203	23.125	99
203	23.125	101
206	23.125	93
211	23.125	88
211	23.125	103
218	23.125	90
261	23.125	54
262	23.125	65
264	23.125	54
267	23.125	57
278	23.125	50
278	23.125	53
281	23.125	55
283	23.125	43
284	23.125	55
290	23.125	53
292	23.125	41
292	23.125	51
293	23.125	50
294	23.125	49
295	23.125	48
296	23.125	41
296	23.125	47
299	23.125	34
300	23.125	33
301	23.125	32
305	23.125	48
306	23.125	48
307	23.125	28
308	23.125	28
309	23.125	28
312	23.125	29
315	23.125	32
316	23.125	35
46	23	131
46	23	132
65	23	133
68	23	136
70	23	129
86	23	131
88	23	133
90	23	134
92	23	126
112	23	129
115	23	126
115	23	132
119	23	126
120	23	133
123	23	133
125	23	132
135	23	126
136	23	128
137	23	129
144	23	124
144	23	132
149	23	127
156	23	121
157	23	119
173	23	121
179	23	119
181	23	124
184	23	123
192	23	117
194	23	114
207	23	104
208	23	90
208	23	104
216	23	88
217	23	97
218	23	95
229	23	77
230	23	75
230	23	84
239	23	68
241	23	70
255	23	62
255	23	63
256	23	59
257	23	57
258	23	66
280	23	46
285	23	55
293	23	41
297	23	38
298	23	35
302	23	31
307	23	48
310	23	28
316	23	39
47	22.875	130
48	22.875	130
65	22.875	130
67	22.875	129
70	22.875	137
86	22.875	126
97	22.875	134
112	22.875	130
113	22.875	127
135	22.875	125
135	22.875	127
136	22.875	124
142	22.875	132
147	22.875	125
148	22.875	130
155	22.875	124
155	22.875	125
158	22.875	118
169	22.875	133
174	22.875	130
177	22.875	121
178	22.875	120
178	22.875	125
188	22.875	105
195	22.875	108
204	22.875	103
206	22.875	104
209	22.875	89
214	22.875	101
229	22.875	83
232	22.875	72
241	22.875	75
255	22.875	64
257	22.875	66
259	22.875	66
266	22.875	55
267	22.875	61
280	22.875	55
286	22.875	41
294	22.875	41
295	22.875	41
296	22.875	40
297	22.875	37
300	22.875	47
304	22.875	48
310	22.875	47
314	22.875	30
316	22.875	34
46	22.75	133
49	22.75	131
49	22.75	132
49	22.75	133
76	22.75	133
76	22.75	137
88	22.75	125
89	22.75	125
99	22.75	132
112	22.75	128
119	22.75	133
120	22.75	126
123	22.75	127
124	22.75	133
126	22.75	130
126	22.75	131
138	22.75	130
149	22.75	126
149	22.75	129
156	22.75	127
159	22.75	129
168	22.75	133
170	22.75	133
171	22.75	120
174	22.75	121
176	22.75	127
179	22.75	125
181	22.75	114
182	22.75	124
194	22.75	106
203	22.75	98
203	22.75	102
204	22.75	96
207	22.75	91
209	22.75	104
215	22.75	100
234	22.75	84
236	22.75	68
240	22.75	77
260	22.75	54
265	22.75	54
267	22.75	56
286	22.75	55
289	22.75	54
297	22.75	36
297	22.75	47
303	22.75	30
306	22.75	28
311	22.75	28
313	22.75	29
315	22.75	31
315	22.75	42
47	22.625	134
48	22.625	134
71	22.625	129
85	22.625	128
85	22.625	129
95	22.625	127
99	22.625	131
99	22.625	133
114	22.625	126
114	22.625	132
145	22.625	124
145	22.625	132
147	22.625	131
155	22.625	123
155	22.625	126
157	22.625	128
161	22.625	130
163	22.625	131
165	22.625	132
168	22.625	119
175	22.625	121
176	22.625	121
177	22.625	126
193	22.625	105
205	22.625	104
213	22.625	102
236	22.625	83
237	22.625	82
239	22.625	79
255	22.625	61
266	22.625	63
278	22.625	49
278	22.625	54
284	22.625	42
289	22.625	40
290	22.625	40
291	22.625	40
295	22.625	40
295	22.625	49
296	22.625	39
296	22.625	48
298	22.625	34
298	22.625	47
299	22.625	33
299	22.625	47
303	22.625	48
308	22.625	48
312	22.625	28
316	22.625	33
316	22.625	40
46	22.5	130
49	22.5	130
49	22.5	134
64	22.5	131
66	22.5	129
74	22.5	138
75	22.5	131
85	22.5	127
85	22.5	130
87	22.5	125
93	22.5	126
98	22.5	129
98	22.5	134
118	22.5	133
125	22.5	128
126	22.5	129
126	22.5	132
134	22.5	126
135	22.5	124
135	22.5	128
138	22.5	123
139	22.5	123
139	22.5	131
140	22.5	123
141	22.5	123
141	22.5	132
148	22.5	125
150	22.5	127
150	22.5	128
156	22.5	120
160	22.5	117
161	22.5	117
165	22.5	118
175	22.5	129
179	22.5	118
180	22.5	116
180	22.5	125
185	22.5	107
186	22.5	106
187	22.5	122
193	22.5	116
195	22.5	113
196	22.5	110
205	22.5	94
210	22.5	88
210	22.5	104
214	22.5	87
216	22.5	99
217	22.5	88
219	22.5	92
231	22.5	73
255	22.5	65
256	22.5	66
260	22.5	66
263	22.5	65
268	22.5	58
268	22.5	59
279	22.5	47
279	22.5	55
288	22.5	40
292	22.5	40
293	22.5	51
294	22.5	40
294	22.5	50
296	22.5	38
297	22.5	35
304	22.5	29
47	22.375	129
48	22.375	129
64	22.375	132
73	22.375	138
77	22.375	135
89	22.375	134
90	22.375	125
93	22.375	135
94	22.375	135
95	22.375	135
97	22.375	128
112	22.375	131
121	22.375	126
125	22.375	133
134	22.375	125
134	22.375	127
136	22.375	129
137	22.375	123
146	22.375	124
155	22.375	122
167	22.375	133
171	22.375	133
172	22.375	120
177	22.375	120
178	22.375	119
182	22.375	111
184	22.375	108
185	22.375	123
190	22.375	104
191	22.375	104
195	22.375	107
196	22.375	109
196	22.375	111
212	22.375	103
213	22.375	87
215	22.375	87
218	22.375	89
219	22.375	91
219	22.375	93
229	22.375	76
229	22.375	84
238	22.375	81
240	22.375	68
241	22.375	69
242	22.375	72
242	22.375	73
256	22.375	58
258	22.375	55
263	22.375	53
265	22.375	64
287	22.375	55
291	22.375	53
292	22.375	52
293	22.375	40
296	22.375	36
296	22.375	37
300	22.375	32
302	22.375	48
308	22.375	27
309	22.375	27
313	22.375	28
313	22.375	45
314	22.375	29
314	22.375	44
315	22.375	30
50	22.25	133
74	22.25	130
75	22.25	138
77	22.25	136
86	22.25	132
92	22.25	135
99	22.25	130
111	22.25	129
112	22.25	127
117	22.25	133
124	22.25	127
127	22.25	130
142	22.25	123
150	22.25	126
155	22.25	127
159	22.25	117
162	22.25	117
178	22.25	126
183	22.25	124
202	22.25	100
202	22.25	101
203	22.25	103
204	22.25	104
206	22.25	92
228	22.25	79
228	22.25	80
228	22.25	81
231	22.25	85
234	22.25	69
242	22.25	71
255	22.25	60
257	22.25	56
262	22.25	53
264	22.25	53
266	22.25	54
267	22.25	55
267	22.25	62
268	22.25	57
268	22.25	60
277	22.25	52
281	22.25	44
295	22.25	39
297	22.25	34
297	22.25	48
301	22.25	31
305	22.25	28
307	22.25	27
310	22.25	27
312	22.25	46
316	22.25	32
45	22.125	131
45	22.125	132
49	22.125	129
50	22.125	132
64	22.125	130
66	22.125	135
69	22.125	137
72	22.125	129
72	22.125	138
76	22.125	132
85	22.125	126
86	22.125	125
87	22.125	133
96	22.125	135
99	22.125	134
100	22.125	132
100	22.125	133
111	22.125	130
113	22.125	126
113	22.125	132
122	22.125	134
127	22.125	131
133	22.125	126
134	22.125	124
136	22.125	123
146	22.125	132
149	22.125	125
150	22.125	129
151	22.125	127
154	22.125	125
154	22.125	126
157	22.125	118
169	22.125	119
173	22.125	132
176	22.125	128
181	22.125	113
181	22.125	125
187	22.125	105
189	22.125	104
190	22.125	120
192	22.125	104
194	22.125	105
196	22.125	108
203	22.125	97
207	22.125	105
212	22.125	87
218	22.125	96
228	22.125	82
230	22.125	74
232	22.125	85
233	22.125	70
235	22.125	84
241	22.125	76
259	22.125	54
261	22.125	66
277	22.125	51
277	22.125	53
282	22.125	43
285	22.125	41
287	22.125	40
290	22.125	54
295	22.125	38
296	22.125	35
296	22.125	49
298	22.125	33
301	22.125	48
309	22.125	48
311	22.125	27
316	22.125	41
317	22.125	36
317	22.125	37
50	22	131
50	22	134
65	22	129
65	22	134
77	22	134
85	22	131
91	22	125
96	22	127
100	22	131
111	22	128
116	22	125
116	22	133
121	22	134
122	22	126
123	22	134
126	22	128
127	22	129
133	22	125
133	22	127
134	22	128
137	22	130
143	22	123
147	22	124
149	22	130
151	22	128
154	22	124
155	22	121
156	22	128
158	22	129
173	22	120
174	22	131
176	22	120
177	22	127
183	22	109
191	22	119
194	22	115
195	22	106
196	22	112
202	22	99
202	22	102
206	22	105
208	22	89
208	22	105
216	22	87
219	22	90
219	22	94
228	22	78
228	22	83
230	22	85
235	22	68
238	22	67
242	22	74
254	22	63
261	22	53
265	22	53
268	22	56
280	22	45
282	22	56
288	22	55
294	22	39
295	22	50
298	22	48
299	22	32
300	22	48
302	22	30
312	22	27
314	22	28
315	22	43
316	22	31
317	22	35
46	21.875	134
50	21.875	130
64	21.875	133
67	21.875	136
91	21.875	135
94	21.875	126
97	21.875	135
115	21.875	125
117	21.875	125
124	21.875	134
127	21.875	132
135	21.875	123
135	21.875	129
140	21.875	132
148	21.875	131
151	21.875	126
154	21.875	127
156	21.875	119
160	21.875	130
163	21.875	117
166	21.875	118
172	21.875	133
174	21.875	120
175	21.875	120
179	21.875	117
179	21.875	126
180	21.875	115
189	21.875	121
193	21.875	104
204	21.875	95
205	21.875	105
207	21.875	90
211	21.875	104
217	21.875	98
218	21.875	0
219	21.875	0
233	21.875	85
237	21.875	67
239	21.875	67
240	21.875	78
242	21.875	70
254	21.875	62
254	21.875	64
255	21.875	66
257	21.875	67
258	21.875	67
264	21.875	65
268	21.875	61
277	21.875	50
277	21.875	54
278	21.875	48
278	21.875	55
281	21.875	56
283	21.875	56
292	21.875	39
293	21.875	39
294	21.875	51
295	21.875	36
295	21.875	37
296	21.875	34
297	21.875	33
299	21.875	48
306	21.875	27
311	21.875	47
315	21.875	29
317	21.875	34
317	21.875	38
45	21.75	133
46	21.75	129
48	21.75	128
48	21.75	135
49	21.75	135
63	21.75	131
77	21.75	137
84	21.75	128
111	21.75	131
118	21.75	125
125	21.75	127
126	21.75	133
128	21.75	130
133	21.75	128
144	21.75	123
150	21.75	125
152	21.75	126
152	21.75	127
153	21.75	126
154	21.75	123
158	21.75	117
175	21.75	130
177	21.75	119
203	21.75	104
209	21.75	88
209	21.75	105
211	21.75	87
228	21.75	77
229	21.75	75
232	21.75	71
239	21.75	80
255	21.75	59
256	21.75	57
266	21.75	53
267	21.75	54
280	21.75	56
283	21.75	42
290	21.75	39
291	21.75	39
293	21.75	52
294	21.75	38
295	21.75	35
297	21.75	49
303	21.75	29
305	21.75	49
306	21.75	49
313	21.75	27
317	21.75	39
45	21.625	130
49	21.625	128
50	21.625	129
51	21.625	133
71	21.625	138
76	21.625	138
84	21.625	127
84	21.625	129
88	21.625	134
98	21.625	128
98	21.625	135
99	21.625	129
100	21.625	134
112	21.625	126
114	21.625	125
115	21.625	133
120	21.625	134
123	21.625	126
128	21.625	129
128	21.625	131
132	21.625	126
132	21.625	127
133	21.625	124
138	21.625	131
143	21.625	133
148	21.625	124
153	21.625	125
153	21.625	127
155	21.625	128
162	21.625	131
164	21.625	132
166	21.625	133
170	21.625	119
178	21.625	118
182	21.625	125
184	21.625	124
186	21.625	123
188	21.625	104
192	21.625	118
195	21.625	114
196	21.625	107
202	21.625	103
205	21.625	93
218	21.625	88
229	21.625	85
241	21.625	68
254	21.625	65
259	21.625	67
260	21.625	53
262	21.625	66
266	21.625	64
268	21.625	55
269	21.625	57
269	21.625	58
269	21.625	59
279	21.625	46
284	21.625	56
286	21.625	40
289	21.625	39
296	21.625	33
298	21.625	32
300	21.625	31
304	21.625	28
304	21.625	49
309	21.625	26
314	21.625	27
316	21.625	30
316	21.625	42
317	21.625	33
47	21.5	135
51	21.5	132
51	21.5	134
63	21.5	130
63	21.5	132
77	21.5	133
85	21.5	125
87	21.5	124
88	21.5	124
100	21.5	130
101	21.5	132
101	21.5	133
110	21.5	129
111	21.5	127
112	21.5	132
119	21.5	125
127	21.5	128
132	21.5	125
132	21.5	128
134	21.5	123
134	21.5	129
137	21.5	122
138	21.5	122
139	21.5	122
144	21.5	133
145	21.5	123
151	21.5	125
151	21.5	129
152	21.5	125
152	21.5	128
157	21.5	129
176	21.5	129
180	21.5	126
194	21.5	104
195	21.5	105
197	21.5	109
197	21.5	110
202	21.5	98
204	21.5	105
206	21.5	91
214	21.5	102
215	21.5	101
217	21.5	87
228	21.5	84
236	21.5	67
237	21.5	83
242	21.5	75
254	21.5	61
256	21.5	67
263	21.5	52
267	21.5	63
279	21.5	56
289	21.5	55
292	21.5	53
293	21.5	38
294	21.5	37
295	21.5	34
296	21.5	50
307	21.5	49
308	21.5	26
310	21.5	26
315	21.5	28
317	21.5	40
47	21.375	128
50	21.375	135
51	21.375	131
64	21.375	129
68	21.375	128
73	21.375	129
76	21.375	131
84	21.375	126
84	21.375	130
89	21.375	124
90	21.375	135
92	21.375	125
110	21.375	130
114	21.375	133
119	21.375	134
125	21.375	134
129	21.375	129
129	21.375	130
131	21.375	127
131	21.375	128
136	21.375	130
140	21.375	122
142	21.375	133
147	21.375	132
149	21.375	124
150	21.375	130
153	21.375	124
153	21.375	128
154	21.375	122
154	21.375	128
155	21.375	120
169	21.375	134
178	21.375	127
181	21.375	112
182	21.375	110
185	21.375	106
188	21.375	122
191	21.375	103
196	21.375	106
197	21.375	108
201	21.375	101
213	21.375	103
214	21.375	86
217	21.375	0
218	21.375	1
219	21.375	89
231	21.375	72
234	21.375	85
236	21.375	84
238	21.375	82
240	21.375	67
241	21.375	77
242	21.375	69
257	21.375	55
258	21.375	54
264	21.375	52
265	21.375	52
267	21.375	53
268	21.375	54
269	21.375	56
269	21.375	60
276	21.375	52
276	21.375	53
277	21.375	55
284	21.375	41
285	21.375	56
288	21.375	39
294	21.375	36
297	21.375	32
298	21.375	49
301	21.375	30
303	21.375	49
305	21.375	27
307	21.375	26
310	21.375	48
311	21.375	26
312	21.375	26
316	21.375	29
317	21.375	32
51	21.25	130
67	21.25	128
69	21.25	128
75	21.25	130
85	21.25	132
86	21.25	133
97	21.25	127
99	21.25	135
101	21.25	131
110	21.25	128
113	21.25	125
126	21.25	127
128	21.25	128
128	21.25	132
129	21.25	128
130	21.25	128
130	21.25	129
131	21.25	126
131	21.25	129
132	21.25	124
132	21.25	129
133	21.25	123
133	21.25	129
136	21.25	122
145	21.25	133
146	21.25	123
159	21.25	130
164	21.25	117
167	21.25	118
170	21.25	134
171	21.25	119
176	21.25	119
177	21.25	128
186	21.25	105
190	21.25	103
192	21.25	103
193	21.25	117
196	21.25	113
197	21.25	111
201	21.25	100
201	21.25	102
202	21.25	104
203	21.25	96
203	21.25	105
210	21.25	87
210	21.25	105
213	21.25	86
215	21.25	86
216	21.25	100
219	21.25	1
219	21.25	95
220	21.25	0
260	21.25	67
262	21.25	52
268	21.25	62
276	21.25	54
277	21.25	49
291	21.25	54
292	21.25	38
294	21.25	35
295	21.25	33
295	21.25	51
302	21.25	49
313	21.25	26
314	21.25	45
315	21.25	27
317	21.25	31
50	21.125	128
51	21.125	129
52	21.125	133
62	21.125	131
68	21.125	137
78	21.125	135
78	21.125	136
86	21.125	124
95	21.125	126
101	21.125	134
120	21.125	125
124	21.125	126
127	21.125	133
129	21.125	131
130	21.125	127
130	21.125	130
131	21.125	125
135	21.125	122
139	21.125	132
141	21.125	122
150	21.125	124
152	21.125	124
156	21.125	118
157	21.125	117
168	21.125	134
174	21.125	132
179	21.125	116
180	21.125	114
184	21.125	107
195	21.125	104
197	21.125	107
201	21.125	103
205	21.125	106
206	21.125	106
207	21.125	106
218	21.125	97
227	21.125	80
227	21.125	81
227	21.125	82
228	21.125	76
255	21.125	58
265	21.125	65
266	21.125	52
269	21.125	55
276	21.125	51
278	21.125	47
278	21.125	56
286	21.125	56
293	21.125	37
296	21.125	32
299	21.125	31
299	21.125	49
300	21.125	49
301	21.125	49
308	21.125	49
313	21.125	46
314	21.125	26
315	21.125	44
51	21	135
52	21	132
52	21	134
62	21	130
66	21	128
70	21	128
77	21	132
90	21	124
100	21	135
102	21	132
110	21	131
111	21	126
118	21	134
127	21	127
129	21	127
130	21	126
135	21	130
137	21	131
141	21	133
142	21	122
147	21	123
149	21	131
151	21	124
152	21	129
153	21	123
156	21	129
160	21	116
171	21	134
172	21	119
173	21	133
175	21	119
183	21	125
185	21	124
187	21	104
189	21	103
193	21	103
196	21	105
204	21	106
207	21	89
212	21	104
216	21	86
217	21	1
220	21	91
220	21	92
227	21	79
227	21	83
230	21	73
234	21	68
240	21	79
243	21	72
254	21	60
254	21	66
255	21	67
256	21	56
259	21	53
263	21	66
268	21	53
270	21	57
270	21	58
281	21	43
287	21	39
291	21	38
293	21	36
294	21	34
294	21	52
297	21	50
302	21	29
306	21	26
315	21	26
316	21	28
317	21	30
317	21	41
44	20.875	131
44	20.875	132
45	20.875	129
45	20.875	134
52	20.875	130
52	20.875	131
56	20.875	131
57	20.875	131
58	20.875	131
61	20.875	131
62	20.875	132
63	20.875	133
70	20.875	138
77	20.875	138
84	20.875	125
84	20.875	131
100	20.875	129
101	20.875	130
102	20.875	133
109	20.875	129
110	20.875	127
111	20.875	132
113	20.875	133
121	20.875	125
122	20.875	135
123	20.875	135
126	20.875	134
128	20.875	127
131	20.875	124
131	20.875	130
132	20.875	123
134	20.875	122
154	20.875	121
159	20.875	116
161	20.875	116
173	20.875	119
174	20.875	119
175	20.875	131
177	20.875	118
178	20.875	117
179	20.875	127
181	20.875	126
197	20.875	106
198	20.875	108
198	20.875	109
201	20.875	99
201	20.875	104
202	20.875	105
204	20.875	94
208	20.875	88
208	20.875	106
212	20.875	86
216	20.875	0
218	20.875	87
219	20.875	88
228	20.875	85
230	20.875	86
231	20.875	86
233	20.875	69
239	20.875	81
243	20.875	71
243	20.875	73
253	20.875	63
253	20.875	64
261	20.875	52
267	20.875	52
269	20.875	54
269	20.875	61
270	20.875	56
276	20.875	55
280	20.875	44
282	20.875	42
285	20.875	40
287	20.875	56
290	20.875	38
290	20.875	55
292	20.875	37
295	20.875	32
298	20.875	31
303	20.875	28
312	20.875	47
313	20.875	25
316	20.875	27
316	20.875	43
318	20.875	34
318	20.875	35
318	20.875	36
318	20.875	37
46	20.75	128
53	20.75	132
53	20.75	133
55	20.75	131
57	20.75	130
58	20.75	130
59	20.75	131
63	20.75	129
64	20.75	134
65	20.75	135
74	20.75	139
78	20.75	134
78	20.75	137
83	20.75	127
83	20.75	128
85	20.75	124
87	20.75	134
93	20.75	125
94	20.75	136
95	20.75	136
96	20.75	136
99	20.75	128
102	20.75	131
109	20.75	130
112	20.75	125
125	20.75	126
130	20.75	125
132	20.75	130
134	20.75	130
143	20.75	122
146	20.75	133
148	20.75	123
151	20.75	130
155	20.75	119
155	20.75	129
161	20.75	131
168	20.75	118
183	20.75	108
187	20.75	123
194	20.75	103
194	20.75	116
196	20.75	104
197	20.75	112
198	20.75	110
200	20.75	102
202	20.75	97
203	20.75	106
205	20.75	92
217	20.75	99
220	20.75	1
220	20.75	90
220	20.75	93
227	20.75	78
229	20.75	74
232	20.75	86
235	20.75	67
238	20.75	66
241	20.75	67
242	20.75	68
261	20.75	67
264	20.75	51
265	20.75	51
270	20.75	55
270	20.75	59
275	20.75	53
275	20.75	54
276	20.75	50
277	20.75	56
280	20.75	57
281	20.75	57
293	20.75	53
294	20.75	33
297	20.75	31
300	20.75	30
304	20.75	27
309	20.75	25
310	20.75	25
311	20.75	25
312	20.75	25
314	20.75	25
317	20.75	29
318	20.75	33
46	20.625	135
48	20.625	127
49	20.625	127
51	20.625	128
52	20.625	129
53	20.625	131
54	20.625	131
54	20.625	132
55	20.625	132
56	20.625	130
56	20.625	132
57	20.625	132
59	20.625	130
60	20.625	130
60	20.625	131
61	20.625	130
65	20.625	128
71	20.625	128
74	20.625	129
75	20.625	139
83	20.625	126
83	20.625	129
89	20.625	135
93	20.625	136
97	20.625	136
102	20.625	134
109	20.625	128
117	20.625	134
121	20.625	135
124	20.625	135
129	20.625	126
129	20.625	132
130	20.625	131
133	20.625	130
148	20.625	132
152	20.625	123
153	20.625	122
153	20.625	129
154	20.625	129
158	20.625	116
158	20.625	130
163	20.625	132
165	20.625	117
165	20.625	133
167	20.625	134
176	20.625	130
197	20.625	105
198	20.625	106
198	20.625	107
200	20.625	101
200	20.625	103
200	20.625	104
201	20.625	105
206	20.625	90
209	20.625	87
211	20.625	105
217	20.625	86
218	20.625	2
227	20.625	84
232	20.625	70
235	20.625	85
237	20.625	66
239	20.625	66
242	20.625	76
243	20.625	70
243	20.625	74
253	20.625	62
253	20.625	65
257	20.625	68
258	20.625	68
263	20.625	51
266	20.625	51
267	20.625	64
268	20.625	52
269	20.625	53
270	20.625	54
275	20.625	52
275	20.625	55
279	20.625	45
279	20.625	57
282	20.625	57
289	20.625	38
293	20.625	35
296	20.625	51
298	20.625	50
308	20.625	25
309	20.625	49
315	20.625	25
316	20.625	26
318	20.625	32
318	20.625	38
49	20.5	136
52	20.5	135
53	20.5	130
53	20.5	134
54	20.5	130
54	20.5	133
55	20.5	130
58	20.5	132
61	20.5	132
66	20.5	136
73	20.5	139
96	20.5	126
98	20.5	127
101	20.5	135
103	20.5	132
109	20.5	131
115	20.5	124
116	20.5	124
122	20.5	125
128	20.5	133
133	20.5	122
137	20.5	121
138	20.5	121
138	20.5	132
144	20.5	122
149	20.5	123
151	20.5	123
162	20.5	116
177	20.5	129
178	20.5	128
181	20.5	111
188	20.5	103
195	20.5	103
197	20.5	104
198	20.5	105
200	20.5	105
202	20.5	106
209	20.5	106
211	20.5	86
216	20.5	1
219	20.5	2
227	20.5	77
229	20.5	86
254	20.5	59
255	20.5	57
256	20.5	68
260	20.5	52
268	20.5	63
270	20.5	60
271	20.5	55
271	20.5	56
271	20.5	57
274	20.5	54
277	20.5	48
283	20.5	41
283	20.5	57
288	20.5	56
291	20.5	37
292	20.5	36
292	20.5	54
296	20.5	31
301	20.5	29
305	20.5	26
307	20.5	25
311	20.5	48
317	20.5	28
317	20.5	42
318	20.5	31
318	20.5	39
44	20.375	130
44	20.375	133
48	20.375	136
50	20.375	127
50	20.375	136
53	20.375	129
55	20.375	133
59	20.375	132
60	20.375	132
76	20.375	130
78	20.375	133
83	20.375	130
84	20.375	132
85	20.375	133
91	20.375	124
92	20.375	136
98	20.375	136
102	20.375	130
103	20.375	131
103	20.375	133
109	20.375	127
110	20.375	126
110	20.375	132
112	20.375	133
114	20.375	124
116	20.375	134
117	20.375	124
126	20.375	126
127	20.375	126
128	20.375	126
130	20.375	124
131	20.375	123
131	20.375	131
136	20.375	121
136	20.375	131
139	20.375	121
140	20.375	133
150	20.375	123
154	20.375	120
156	20.375	117
172	20.375	134
176	20.375	118
180	20.375	113
195	20.375	115
198	20.375	104
198	20.375	111
199	20.375	102
199	20.375	103
199	20.375	104
199	20.375	105
199	20.375	106
199	20.375	107
199	20.375	108
200	20.375	100
200	20.375	106
201	20.375	106
205	20.375	107
215	20.375	0
217	20.375	2
219	20.375	96
220	20.375	89
228	20.375	75
240	20.375	66
241	20.375	78
254	20.375	67
262	20.375	51
264	20.375	66
266	20.375	65
267	20.375	51
269	20.375	62
270	20.375	53
271	20.375	54
271	20.375	58
272	20.375	55
273	20.375	54
273	20.375	55
274	20.375	53
274	20.375	55
275	20.375	51
276	20.375	56
278	20.375	57
286	20.375	39
293	20.375	34
294	20.375	32
295	20.375	52
299	20.375	30
299	20.375	50
304	20.375	50
305	20.375	50
306	20.375	50
313	20.375	24
318	20.375	30
47	20.25	127
52	20.25	128
56	20.25	129
56	20.25	133
57	20.25	129
58	20.25	129
62	20.25	129
72	20.25	128
76	20.25	139
77	20.25	131
83	20.25	125
84	20.25	124
87	20.25	123
88	20.25	123
99	20.25	136
101	20.25	129
108	20.25	129
108	20.25	130
111	20.25	125
120	20.25	135
125	20.25	135
127	20.25	134
129	20.25	125
135	20.25	121
145	20.25	122
150	20.25	131
157	20.25	130
169	20.25	118
179	20.25	115
180	20.25	127
182	20.25	109
182	20.25	126
184	20.25	125
185	20.25	105
196	20.25	103
196	20.25	114
197	20.25	103
198	20.25	103
199	20.25	109
200	20.25	107
201	20.25	98
203	20.25	95
203	20.25	107
204	20.25	107
206	20.25	107
210	20.25	0
211	20.25	0
214	20.25	85
214	20.25	103
215	20.25	85
215	20.25	102
216	20.25	85
218	20.25	86
219	20.25	87
220	20.25	94
231	20.25	71
233	20.25	86
237	20.25	84
238	20.25	83
243	20.25	69
253	20.25	61
253	20.25	66
257	20.25	54
258	20.25	53
259	20.25	68
269	20.25	52
272	20.25	54
272	20.25	56
275	20.25	56
284	20.25	57
288	20.25	38
295	20.25	31
297	20.25	51
298	20.25	30
300	20.25	50
302	20.25	28
302	20.25	50
303	20.25	50
306	20.25	25
311	20.25	24
312	20.25	24
314	20.25	24
315	20.25	24
316	20.25	25
317	20.25	27
318	20.25	40
54	20.125	129
54	20.125	134
55	20.125	129
59	20.125	129
72	20.125	139
86	20.125	123
94	20.125	125
100	20.125	128
104	20.125	132
108	20.125	128
113	20.125	124
123	20.125	125
130	20.125	132
132	20.125	122
132	20.125	131
140	20.125	121
146	20.125	122
152	20.125	122
152	20.125	130
153	20.125	121
155	20.125	118
157	20.125	116
186	20.125	104
186	20.125	124
191	20.125	102
192	20.125	102
199	20.125	101
200	20.125	108
201	20.125	107
202	20.125	107
207	20.125	107
209	20.125	0
210	20.125	1
210	20.125	106
212	20.125	0
213	20.125	104
214	20.125	0
215	20.125	1
216	20.125	101
221	20.125	0
226	20.125	82
226	20.125	83
227	20.125	85
236	20.125	66
240	20.125	80
255	20.125	68
256	20.125	55
262	20.125	67
268	20.125	51
271	20.125	53
271	20.125	59
272	20.125	53
272	20.125	57
273	20.125	53
273	20.125	56
274	20.125	52
274	20.125	56
276	20.125	49
278	20.125	46
290	20.125	37
291	20.125	55
292	20.125	35
293	20.125	33
297	20.125	30
301	20.125	50
303	20.125	27
307	20.125	50
309	20.125	24
310	20.125	24
314	20.125	46
315	20.125	45
317	20.125	26
318	20.125	29
51	20	136
53	20	135
57	20	133
60	20	129
61	20	129
62	20	133
64	20	128
75	20	129
78	20	138
79	20	135
79	20	136
82	20	127
82	20	128
83	20	131
86	20	134
89	20	123
102	20	135
103	20	130
103	20	134
104	20	131
107	20	130
108	20	131
115	20	134
118	20	124
134	20	121
135	20	131
141	20	121
143	20	134
144	20	134
147	20	122
147	20	133
156	20	130
160	20	131
163	20	116
174	20	133
175	20	118
175	20	132
177	20	117
178	20	116
184	20	106
190	20	102
193	20	102
197	20	113
198	20	102
199	20	110
204	20	93
205	20	91
207	20	88
209	20	1
210	20	86
211	20	1
212	20	1
213	20	0
213	20	85
216	20	2
220	20	2
220	20	88
226	20	80
226	20	81
228	20	86
242	20	67
243	20	75
264	20	50
265	20	50
266	20	50
270	20	52
270	20	61
277	20	57
284	20	40
289	20	56
291	20	36
294	20	53
300	20	29
304	20	26
308	20	24
310	20	49
316	20	24
316	20	44
318	20	28
318	20	41
45	19.875	128
51	19.875	127
53	19.875	128
78	19.875	132
82	19.875	126
82	19.875	129
88	19.875	135
91	19.875	136
100	19.875	136
102	19.875	129
104	19.875	130
104	19.875	133
105	19.875	131
107	19.875	129
107	19.875	131
108	19.875	127
109	19.875	126
109	19.875	132
111	19.875	133
124	19.875	125
128	19.875	125
129	19.875	133
130	19.875	123
133	19.875	131
134	19.875	131
137	19.875	132
142	19.875	121
142	19.875	134
148	19.875	122
151	19.875	122
153	19.875	130
154	19.875	119
166	19.875	117
170	19.875	118
194	19.875	102
195	19.875	102
197	19.875	102
200	19.875	99
200	19.875	109
201	19.875	108
206	19.875	89
208	19.875	87
210	19.875	2
212	19.875	105
213	19.875	1
214	19.875	1
217	19.875	85
218	19.875	3
226	19.875	79
226	19.875	84
227	19.875	76
239	19.875	82
241	19.875	66
243	19.875	68
252	19.875	63
252	19.875	64
254	19.875	58
259	19.875	52
261	19.875	51
267	19.875	50
272	19.875	58
273	19.875	52
273	19.875	57
275	19.875	50
285	19.875	57
294	19.875	31
296	19.875	30
298	19.875	51
305	19.875	25
313	19.875	23
313	19.875	47
314	19.875	23
317	19.875	25
317	19.875	43
319	19.875	32
319	19.875	33
319	19.875	34
319	19.875	35
319	19.875	36
55	19.75	134
58	19.75	133
63	19.75	134
79	19.75	134
83	19.75	124
85	19.75	123
92	19.75	124
97	19.75	126
99	19.75	127
105	19.75	130
105	19.75	132
106	19.75	130
106	19.75	131
107	19.75	128
110	19.75	125
112	19.75	124
114	19.75	134
119	19.75	124
119	19.75	135
126	19.75	135
129	19.75	124
139	19.75	133
145	19.75	134
149	19.75	122
149	19.75	132
150	19.75	122
154	19.75	130
155	19.75	130
173	19.75	134
176	19.75	131
179	19.75	128
187	19.75	103
189	19.75	102
196	19.75	102
198	19.75	112
202	19.75	108
203	19.75	108
208	19.75	0
208	19.75	1
208	19.75	107
209	19.75	2
211	19.75	2
212	19.75	85
215	19.75	2
217	19.75	3
219	19.75	86
221	19.75	1
236	19.75	85
252	19.75	65
253	19.75	60
255	19.75	56
260	19.75	68
263	19.75	50
265	19.75	66
269	19.75	51
271	19.75	52
272	19.75	52
274	19.75	51
274	19.75	57
276	19.75	57
280	19.75	43
281	19.75	42
287	19.75	38
289	19.75	37
292	19.75	34
293	19.75	54
296	19.75	52
299	19.75	29
301	19.75	28
307	19.75	24
308	19.75	50
311	19.75	23
312	19.75	23
315	19.75	23
318	19.75	27
319	19.75	31
319	19.75	37
44	19.625	129
54	19.625	128
59	19.625	133
61	19.625	133
73	19.625	128
77	19.625	130
77	19.625	139
79	19.625	137
82	19.625	125
82	19.625	130
83	19.625	132
84	19.625	133
101	19.625	128
103	19.625	129
106	19.625	129
108	19.625	132
125	19.625	125
127	19.625	125
128	19.625	134
131	19.625	122
131	19.625	132
133	19.625	121
143	19.625	121
151	19.625	131
152	19.625	121
153	19.625	120
159	19.625	115
169	19.625	135
170	19.625	135
171	19.625	118
174	19.625	118
177	19.625	130
181	19.625	127
183	19.625	126
198	19.625	101
199	19.625	100
204	19.625	108
212	19.625	2
218	19.625	85
219	19.625	3
220	19.625	87
221	19.625	90
221	19.625	91
226	19.625	78
238	19.625	65
239	19.625	65
244	19.625	71
244	19.625	72
252	19.625	62
253	19.625	67
268	19.625	64
269	19.625	63
271	19.625	60
275	19.625	57
277	19.625	47
280	19.625	58
281	19.625	58
285	19.625	39
286	19.625	57
293	19.625	32
295	19.625	30
306	19.625	24
310	19.625	23
312	19.625	48
316	19.625	23
317	19.625	24
318	19.625	26
319	19.625	30
319	19.625	38
52	19.5	136
55	19.5	128
56	19.5	134
60	19.5	133
63	19.5	128
79	19.5	133
90	19.5	123
95	19.5	125
101	19.5	136
103	19.5	135
104	19.5	129
104	19.5	134
105	19.5	129
106	19.5	132
107	19.5	132
108	19.5	126
123	19.5	136
126	19.5	125
141	19.5	134
145	19.5	25
145	19.5	26
145	19.5	27
146	19.5	25
146	19.5	26
146	19.5	27
147	19.5	24
147	19.5	25
147	19.5	26
156	19.5	116
158	19.5	115
159	19.5	131
160	19.5	115
172	19.5	118
173	19.5	118
178	19.5	129
199	19.5	111
200	19.5	110
201	19.5	109
205	19.5	108
208	19.5	2
209	19.5	86
213	19.5	2
214	19.5	2
216	19.5	3
221	19.5	89
221	19.5	92
226	19.5	85
227	19.5	86
240	19.5	65
244	19.5	70
244	19.5	73
252	19.5	66
254	19.5	68
257	19.5	69
263	19.5	67
267	19.5	65
268	19.5	50
270	19.5	51
270	19.5	62
272	19.5	59
273	19.5	58
279	19.5	58
282	19.5	41
282	19.5	58
290	19.5	36
290	19.5	56
291	19.5	35
298	19.5	29
299	19.5	51
302	19.5	27
303	19.5	26
309	19.5	23
318	19.5	42
319	19.5	29
319	19.5	39
49	19.375	126
52	19.375	127
54	19.375	135
56	19.375	128
57	19.375	128
76	19.375	129
78	19.375	131
82	19.375	131
84	19.375	123
105	19.375	133
106	19.375	128
107	19.375	127
109	19.375	125
110	19.375	133
111	19.375	124
122	19.375	136
136	19.375	120
137	19.375	120
138	19.375	120
144	19.375	25
144	19.375	26
144	19.375	27
144	19.375	121
145	19.375	28
146	19.375	24
146	19.375	28
147	19.375	27
148	19.375	24
148	19.375	25
148	19.375	26
155	19.375	117
171	19.375	135
176	19.375	117
205	19.375	90
209	19.375	3
209	19.375	107
210	19.375	3
211	19.375	3
211	19.375	85
211	19.375	106
215	19.375	84
216	19.375	84
221	19.375	88
230	19.375	87
231	19.375	87
237	19.375	65
242	19.375	66
243	19.375	67
256	19.375	69
258	19.375	69
260	19.375	51
262	19.375	50
273	19.375	51
276	19.375	48
278	19.375	58
287	19.375	57
292	19.375	33
295	19.375	53
297	19.375	29
304	19.375	25
305	19.375	24
308	19.375	23
317	19.375	23
318	19.375	25
319	19.375	28
319	19.375	40
43	19.25	131
48	19.25	126
58	19.25	128
81	19.25	126
81	19.25	127
81	19.25	128
81	19.25	129
82	19.25	124
85	19.25	134
98	19.25	126
124	19.25	136
127	19.25	135
128	19.25	124
129	19.25	123
130	19.25	133
132	19.25	121
135	19.25	120
136	19.25	132
139	19.25	120
143	19.25	26
144	19.25	28
145	19.25	24
145	19.25	121
146	19.25	23
147	19.25	23
147	19.25	28
148	19.25	23
149	19.25	24
149	19.25	25
157	19.25	115
161	19.25	115
188	19.25	102
197	19.25	101
202	19.25	109
206	19.25	108
207	19.25	0
207	19.25	1
208	19.25	3
212	19.25	3
214	19.25	84
215	19.25	3
217	19.25	84
219	19.25	85
220	19.25	86
225	19.25	82
225	19.25	83
225	19.25	84
226	19.25	77
229	19.25	87
244	19.25	69
244	19.25	74
252	19.25	61
253	19.25	59
254	19.25	57
256	19.25	54
257	19.25	53
265	19.25	49
266	19.25	49
269	19.25	50
271	19.25	51
272	19.25	51
275	19.25	49
283	19.25	58
288	19.25	37
297	19.25	52
300	19.25	28
300	19.25	51
304	19.25	51
305	19.25	51
307	19.25	23
309	19.25	50
312	19.25	22
313	19.25	22
314	19.25	22
315	19.25	22
318	19.25	24
319	19.25	27
357	19.25	15
358	19.25	15
57	19.125	134
62	19.125	128
79	19.125	132
81	19.125	130
97	19.125	137
100	19.125	127
102	19.125	128
102	19.125	136
105	19.125	128
106	19.125	133
115	19.125	123
130	19.125	122
132	19.125	132
138	19.125	133
139	19.125	17
139	19.125	18
140	19.125	17
140	19.125	18
140	19.125	120
143	19.125	25
143	19.125	27
144	19.125	24
145	19.125	23
145	19.125	29
146	19.125	29
148	19.125	27
149	19.125	23
151	19.125	121
154	19.125	118
158	19.125	131
206	19.125	88
207	19.125	2
207	19.125	87
213	19.125	3
214	19.125	3
220	19.125	3
221	19.125	87
225	19.125	81
241	19.125	65
255	19.125	69
271	19.125	61
274	19.125	50
274	19.125	58
277	19.125	58
286	19.125	38
291	19.125	34
293	19.125	31
294	19.125	30
296	19.125	29
301	19.125	51
302	19.125	51
303	19.125	51
306	19.125	23
306	19.125	51
310	19.125	22
311	19.125	22
316	19.125	22
317	19.125	44
319	19.125	26
320	19.125	30
320	19.125	31
320	19.125	32
357	19.125	14
359	19.125	15
53	19	127
59	19	128
78	19	130
79	19	131
80	19	135
81	19	125
82	19	132
83	19	123
83	19	133
88	19	0
98	19	137
103	19	128
104	19	128
106	19	127
107	19	126
109	19	133
114	19	123
116	19	26
139	19	16
139	19	19
140	19	16
140	19	19
141	19	16
141	19	17
141	19	18
142	19	25
142	19	26
143	19	24
143	19	28
144	19	23
144	19	29
146	19	22
146	19	121
147	19	121
149	19	26
150	19	121
152	19	131
153	19	119
171	19	0
196	19	101
198	19	100
199	19	99
201	19	110
203	19	109
207	19	108
210	19	85
213	19	84
217	19	4
218	19	4
218	19	84
225	19	85
226	19	86
228	19	87
244	19	68
251	19	64
264	19	49
267	19	49
270	19	50
272	19	60
276	19	58
288	19	57
289	19	36
292	19	32
299	19	28
301	19	27
303	19	25
304	19	24
305	19	23
309	19	22
317	19	22
318	19	23
318	19	43
319	19	41
320	19	29
320	19	33
320	19	34
320	19	35
358	19	14
60	18.875	128
61	18.875	128
77	18.875	129
80	18.875	133
80	18.875	134
80	18.875	136
81	18.875	131
86	18.875	122
87	18.875	0
87	18.875	122
88	18.875	1
89	18.875	0
105	18.875	134
107	18.875	133
108	18.875	125
110	18.875	124
113	18.875	123
115	18.875	26
115	18.875	27
116	18.875	25
127	18.875	124
133	18.875	132
134	18.875	120
135	18.875	132
138	18.875	17
138	18.875	18
140	18.875	15
140	18.875	20
141	18.875	15
141	18.875	19
141	18.875	25
141	18.875	26
141	18.875	120
142	18.875	24
142	18.875	27
143	18.875	23
144	18.875	22
145	18.875	22
147	18.875	22
148	18.875	22
148	18.875	121
149	18.875	121
150	18.875	24
152	18.875	120
172	18.875	0
192	18.875	101
193	18.875	101
194	18.875	101
195	18.875	101
207	18.875	3
208	18.875	86
209	18.875	4
210	18.875	4
211	18.875	4
216	18.875	4
220	18.875	85
221	18.875	86
225	18.875	80
251	18.875	63
251	18.875	65
252	18.875	67
253	18.875	68
261	18.875	50
268	18.875	49
273	18.875	59
275	18.875	58
290	18.875	35
298	18.875	52
302	18.875	26
307	18.875	51
308	18.875	22
319	18.875	25
320	18.875	28
320	18.875	36
356	18.875	0
356	18.875	14
356	18.875	15
357	18.875	0
358	18.875	0
358	18.875	1
358	18.875	16
359	18.875	1
359	18.875	14
359	18.875	16
360	18.875	0
360	18.875	1
360	18.875	2
361	18.875	0
361	18.875	1
361	18.875	2
362	18.875	0
362	18.875	1
362	18.875	2
79	18.75	130
80	18.75	128
80	18.75	129
80	18.75	130
80	18.75	131
80	18.75	132
81	18.75	132
84	18.75	134
89	18.75	1
101	18.75	127
105	18.75	127
108	18.75	133
115	18.75	25
116	18.75	27
117	18.75	25
117	18.75	26
131	18.75	121
134	18.75	132
138	18.75	19
139	18.75	20
139	18.75	25
139	18.75	26
140	18.75	21
140	18.75	22
140	18.75	23
140	18.75	24
140	18.75	25
140	18.75	26
141	18.75	20
141	18.75	21
141	18.75	22
141	18.75	23
141	18.75	24
141	18.75	27
142	18.75	16
142	18.75	17
142	18.75	18
142	18.75	19
142	18.75	20
142	18.75	21
142	18.75	22
142	18.75	23
142	18.75	120
143	18.75	22
145	18.75	30
146	18.75	30
147	18.75	29
148	18.75	28
149	18.75	22
150	18.75	23
150	18.75	25
170	18.75	0
190	18.75	101
191	18.75	101
204	18.75	109
212	18.75	4
212	18.75	84
215	18.75	4
219	18.75	4
219	18.75	84
224	18.75	84
225	18.75	79
243	18.75	66
251	18.75	66
263	18.75	49
271	18.75	50
273	18.75	50
287	18.75	37
295	18.75	29
298	18.75	28
304	18.75	23
307	18.75	22
312	18.75	21
319	18.75	24
319	18.75	42
320	18.75	27
320	18.75	37
320	18.75	38
356	18.75	1
357	18.75	1
357	18.75	16
358	18.75	2
359	18.75	0
359	18.75	2
360	18.75	15
363	18.75	0
363	18.75	1
363	18.75	2
80	18.625	127
81	18.625	133
82	18.625	133
87	18.625	1
106	18.625	126
114	18.625	26
114	18.625	27
115	18.625	28
116	18.625	24
117	18.625	27
137	18.625	18
138	18.625	16
138	18.625	25
138	18.625	26
139	18.625	15
139	18.625	21
139	18.625	23
139	18.625	24
140	18.625	27
141	18.625	14
142	18.625	15
142	18.625	28
143	18.625	20
143	18.625	21
143	18.625	29
143	18.625	120
144	18.625	21
144	18.625	30
145	18.625	21
146	18.625	21
149	18.625	27
156	18.625	115
160	18.625	0
171	18.625	1
172	18.625	1
185	18.625	0
206	18.625	0
206	18.625	1
206	18.625	2
208	18.625	4
213	18.625	4
214	18.625	4
216	18.625	83
221	18.625	85
222	18.625	87
222	18.625	88
222	18.625	89
224	18.625	83
224	18.625	85
239	18.625	64
242	18.625	65
244	18.625	67
251	18.625	62
269	18.625	49
272	18.625	50
291	18.625	33
297	18.625	28
300	18.625	27
303	18.625	24
305	18.625	22
306	18.625	22
310	18.625	21
311	18.625	21
313	18.625	21
314	18.625	21
315	18.625	21
316	18.625	21
318	18.625	22
321	18.625	30
355	18.625	0
357	18.625	2
360	18.625	3
360	18.625	16
361	18.625	3
362	18.625	3
364	18.625	0
364	18.625	1
365	18.625	0
78	18.5	129
79	18.5	129
80	18.5	126
81	18.5	134
90	18.5	0
102	18.5	127
104	18.5	127
107	18.5	125
109	18.5	124
114	18.5	25
114	18.5	28
115	18.5	24
116	18.5	28
117	18.5	24
137	18.5	17
137	18.5	26
137	18.5	119
138	18.5	20
138	18.5	24
139	18.5	22
139	18.5	27
140	18.5	14
142	18.5	14
143	18.5	19
144	18.5	20
144	18.5	120
147	18.5	21
150	18.5	22
151	18.5	120
158	18.5	114
159	18.5	0
160	18.5	1
170	18.5	1
173	18.5	0
184	18.5	0
186	18.5	0
190	18.5	121
191	18.5	120
202	18.5	110
215	18.5	83
217	18.5	83
220	18.5	84
222	18.5	86
222	18.5	90
224	18.5	82
225	18.5	86
227	18.5	87
240	18.5	64
245	18.5	70
245	18.5	71
245	18.5	72
274	18.5	49
274	18.5	59
280	18.5	59
293	18.5	30
301	18.5	26
302	18.5	25
304	18.5	22
309	18.5	21
317	18.5	21
319	18.5	23
320	18.5	26
320	18.5	39
321	18.5	28
321	18.5	29
321	18.5	31
355	18.5	1
355	18.5	14
355	18.5	15
356	18.5	2
356	18.5	16
357	18.5	13
359	18.5	3
360	18.5	14
363	18.5	3
364	18.5	2
365	18.5	1
79	18.375	128
83	18.375	134
86	18.375	0
88	18.375	2
89	18.375	2
90	18.375	1
103	18.375	127
114	18.375	24
118	18.375	25
118	18.375	26
137	18.375	19
137	18.375	25
138	18.375	21
138	18.375	23
138	18.375	27
138	18.375	119
139	18.375	119
141	18.375	28
143	18.375	16
143	18.375	17
143	18.375	18
145	18.375	31
147	18.375	30
148	18.375	21
148	18.375	29
150	18.375	26
151	18.375	23
151	18.375	24
157	18.375	114
159	18.375	1
161	18.375	0
169	18.375	0
206	18.375	3
207	18.375	4
215	18.375	5
216	18.375	5
217	18.375	5
218	18.375	83
222	18.375	85
223	18.375	84
223	18.375	85
223	18.375	86
224	18.375	86
241	18.375	64
245	18.375	69
270	18.375	49
290	18.375	34
296	18.375	28
299	18.375	27
303	18.375	23
307	18.375	21
308	18.375	21
320	18.375	25
320	18.375	40
321	18.375	32
321	18.375	33
356	18.375	13
358	18.375	3
358	18.375	13
361	18.375	15
364	18.375	3
365	18.375	2
81	18.25	135
82	18.25	134
105	18.25	126
113	18.25	26
113	18.25	27
115	18.25	23
115	18.25	29
116	18.25	23
117	18.25	23
117	18.25	28
118	18.25	24
118	18.25	27
137	18.25	16
137	18.25	20
137	18.25	24
137	18.25	27
138	18.25	15
138	18.25	22
140	18.25	28
140	18.25	119
141	18.25	13
142	18.25	13
142	18.25	29
143	18.25	15
143	18.25	30
144	18.25	19
144	18.25	31
145	18.25	20
145	18.25	120
146	18.25	31
159	18.25	2
160	18.25	2
161	18.25	1
171	18.25	2
172	18.25	2
173	18.25	1
185	18.25	1
186	18.25	1
189	18.25	122
192	18.25	119
210	18.25	5
211	18.25	5
212	18.25	5
213	18.25	5
214	18.25	5
221	18.25	84
222	18.25	84
223	18.25	83
223	18.25	87
224	18.25	81
226	18.25	87
243	18.25	65
244	18.25	66
245	18.25	68
250	18.25	64
250	18.25	65
251	18.25	67
302	18.25	24
303	18.25	22
304	18.25	21
305	18.25	21
306	18.25	21
318	18.25	21
319	18.25	22
320	18.25	24
320	18.25	41
321	18.25	27
321	18.25	34
354	18.25	0
355	18.25	2
357	18.25	3
359	18.25	13
359	18.25	17
361	18.25	4
361	18.25	16
362	18.25	4
365	18.25	3
67	18.125	137
69	18.125	138
78	18.125	128
87	18.125	2
89	18.125	3
90	18.125	2
113	18.125	25
113	18.125	28
114	18.125	23
114	18.125	29
136	18.125	17
136	18.125	18
136	18.125	25
136	18.125	26
136	18.125	27
137	18.125	23
138	18.125	28
139	18.125	28
140	18.125	13
143	18.125	14
146	18.125	20
149	18.125	21
151	18.125	22
158	18.125	0
160	18.125	3
161	18.125	2
162	18.125	0
169	18.125	1
170	18.125	2
187	18.125	0
218	18.125	98
219	18.125	83
245	18.125	67
250	18.125	66
271	18.125	49
273	18.125	49
298	18.125	27
300	18.125	26
301	18.125	25
302	18.125	23
303	18.125	21
309	18.125	20
310	18.125	20
311	18.125	20
312	18.125	20
313	18.125	20
320	18.125	23
321	18.125	26
321	18.125	35
322	18.125	28
322	18.125	29
322	18.125	30
354	18.125	1
354	18.125	14
355	18.125	13
356	18.125	3
360	18.125	4
360	18.125	17
361	18.125	14
363	18.125	4
47	18	136
88	18	3
91	18	0
113	18	18
113	18	24
116	18	22
118	18	23
136	18	19
137	18	21
137	18	22
137	18	28
141	18	29
143	18	13
143	18	31
144	18	18
144	18	32
145	18	32
146	18	32
150	18	21
158	18	1
158	18	9
158	18	10
159	18	3
159	18	8
159	18	9
159	18	10
160	18	4
160	18	7
160	18	8
160	18	9
160	18	10
161	18	3
161	18	8
161	18	9
162	18	1
164	18	10
165	18	10
166	18	10
169	18	8
170	18	7
170	18	8
171	18	3
171	18	6
171	18	7
171	18	8
172	18	3
172	18	7
172	18	8
173	18	2
173	18	8
187	18	1
193	18	118
205	18	0
205	18	1
205	18	2
220	18	83
222	18	83
223	18	82
224	18	87
225	18	87
272	18	49
302	18	22
304	18	20
305	18	20
306	18	20
307	18	20
308	18	20
314	18	20
315	18	20
316	18	20
317	18	20
319	18	21
320	18	22
321	18	25
322	18	31
359	18	4
362	18	15
364	18	4
90	17.875	3
91	17.875	1
112	17.875	18
113	17.875	17
113	17.875	19
113	17.875	23
114	17.875	17
114	17.875	18
114	17.875	19
114	17.875	22
115	17.875	22
117	17.875	22
127	17.875	4
128	17.875	4
128	17.875	5
135	17.875	26
135	17.875	27
136	17.875	24
136	17.875	28
141	17.875	12
142	17.875	12
144	17.875	17
145	17.875	19
157	17.875	10
158	17.875	8
158	17.875	11
159	17.875	4
159	17.875	5
159	17.875	6
159	17.875	7
160	17.875	5
160	17.875	6
161	17.875	4
161	17.875	5
161	17.875	6
161	17.875	7
161	17.875	10
162	17.875	8
162	17.875	9
162	17.875	10
163	17.875	9
163	17.875	10
164	17.875	9
164	17.875	11
165	17.875	9
165	17.875	11
166	17.875	9
166	17.875	11
166	17.875	134
167	17.875	8
167	17.875	9
167	17.875	10
167	17.875	11
168	17.875	0
168	17.875	7
168	17.875	8
168	17.875	9
168	17.875	10
169	17.875	2
169	17.875	6
169	17.875	7
169	17.875	9
170	17.875	3
170	17.875	4
170	17.875	5
170	17.875	6
170	17.875	9
171	17.875	4
171	17.875	5
171	17.875	9
172	17.875	4
172	17.875	5
172	17.875	6
172	17.875	9
173	17.875	6
173	17.875	7
173	17.875	9
174	17.875	7
174	17.875	8
174	17.875	9
175	17.875	8
188	17.875	123
202	17.875	96
205	17.875	3
213	17.875	6
214	17.875	6
215	17.875	6
221	17.875	83
230	17.875	72
242	17.875	77
301	17.875	24
302	17.875	21
303	17.875	20
318	17.875	20
322	17.875	27
322	17.875	32
323	17.875	28
323	17.875	29
354	17.875	2
355	17.875	3
362	17.875	5
362	17.875	16
365	17.875	4
45	17.75	135
100	17.75	52
101	17.75	52
101	17.75	53
112	17.75	17
112	17.75	19
112	17.75	20
113	17.75	16
113	17.75	20
113	17.75	21
113	17.75	22
114	17.75	16
114	17.75	20
114	17.75	21
115	17.75	17
115	17.75	18
115	17.75	19
115	17.75	20
115	17.75	21
116	17.75	21
126	17.75	3
126	17.75	4
127	17.75	3
127	17.75	5
128	17.75	3
128	17.75	6
129	17.75	4
129	17.75	5
134	17.75	27
135	17.75	28
142	17.75	11
157	17.75	9
157	17.75	11
159	17.75	11
160	17.75	11
162	17.75	2
162	17.75	3
162	17.75	7
162	17.75	11
162	17.75	132
163	17.75	8
163	17.75	11
164	17.75	8
164	17.75	12
164	17.75	133
165	17.75	8
165	17.75	12
166	17.75	8
166	17.75	12
167	17.75	7
168	17.75	11
169	17.75	5
169	17.75	10
170	17.75	10
173	17.75	3
173	17.75	4
173	17.75	5
174	17.75	6
175	17.75	7
175	17.75	9
176	17.75	8
176	17.75	9
183	17.75	107
187	17.75	2
190	17.75	4
190	17.75	5
190	17.75	6
191	17.75	5
191	17.75	6
191	17.75	7
192	17.75	5
192	17.75	6
217	17.75	100
229	17.75	73
233	17.75	68
234	17.75	67
234	17.75	86
245	17.75	66
246	17.75	68
249	17.75	65
250	17.75	67
301	17.75	23
310	17.75	19
311	17.75	19
319	17.75	20
320	17.75	21
321	17.75	23
321	17.75	24
322	17.75	26
323	17.75	27
323	17.75	30
324	17.75	28
324	17.75	29
44	17.625	134
46	17.625	127
64	17.625	135
71	17.625	139
99	17.625	52
102	17.625	53
116	17.625	19
116	17.625	20
117	17.625	21
126	17.625	2
127	17.625	2
134	17.625	26
141	17.625	5
141	17.625	6
141	17.625	11
156	17.625	11
161	17.625	11
162	17.625	4
162	17.625	5
162	17.625	6
163	17.625	7
167	17.625	12
169	17.625	3
169	17.625	4
171	17.625	10
172	17.625	10
173	17.625	10
174	17.625	10
175	17.625	10
176	17.625	10
177	17.625	9
177	17.625	10
177	17.625	11
179	17.625	114
180	17.625	112
181	17.625	110
185	17.625	125
188	17.625	2
189	17.625	3
189	17.625	4
190	17.625	7
191	17.625	4
191	17.625	8
192	17.625	7
194	17.625	117
220	17.625	95
246	17.625	67
249	17.625	66
279	17.625	44
305	17.625	19
306	17.625	19
307	17.625	19
308	17.625	19
309	17.625	19
320	17.625	20
321	17.625	21
321	17.625	22
322	17.625	25
323	17.625	26
324	17.625	27
325	17.625	28
90	17.5	136
114	17.5	15
118	17.5	135
120	17.5	124
133	17.5	27
140	17.5	6
141	17.5	4
141	17.5	7
141	17.5	10
142	17.5	3
142	17.5	4
142	17.5	5
143	17.5	4
164	17.5	116
166	17.5	13
167	17.5	117
168	17.5	135
178	17.5	10
178	17.5	11
178	17.5	12
190	17.5	8
201	17.5	97
219	17.5	97
228	17.5	74
232	17.5	69
235	17.5	66
241	17.5	79
246	17.5	66
247	17.5	67
248	17.5	66
249	17.5	67
325	17.5	27
325	17.5	29
326	17.5	28
43	17.375	132
65	17.375	136
87	17.375	135
111	17.375	3
111	17.375	4
112	17.375	4
112	17.375	5
113	17.375	134
141	17.375	8
141	17.375	9
143	17.375	3
146	17.375	134
148	17.375	133
195	17.375	116
203	17.375	94
204	17.375	92
227	17.375	75
240	17.375	81
243	17.375	76
247	17.375	66
248	17.375	67
261	17.375	68
278	17.375	45
292	17.375	55
50	17.25	126
121	17.25	136
182	17.25	108
185	17.25	104
187	17.25	124
200	17.25	98
221	17.25	93
231	17.25	70
232	17.25	87
238	17.25	84
258	17.25	52
283	17.25	40
311	17.25	49
74	17.125	128
79	17.125	138
93	17.125	124
96	17.125	137
116	17.125	123
125	17.125	136
150	17.125	132
172	17.125	135
177	17.125	116
178	17.125	115
180	17.125	128
184	17.125	105
186	17.125	103
196	17.125	115
197	17.125	114
214	17.125	104
215	17.125	103
216	17.125	102
221	17.125	2
255	17.125	55
259	17.125	69
266	17.125	66
294	17.125	54
315	17.125	46
316	17.125	45
43	17	130
47	17	126
53	17	136
55	17	135
62	17	134
78	17	139
88	17	122
91	17	123
96	17	125
99	17	137
129	17	134
140	17	134
162	17	115
174	17	134
175	17	117
175	17	133
176	17	132
182	17	127
184	17	126
198	17	113
210	17	107
213	17	105
236	17	65
237	17	85
239	17	83
264	17	67
291	17	56
314	17	47
44	16.875	128
58	16.875	134
104	16.875	135
157	16.875	131
177	16.875	131
199	16.875	112
200	16.875	111
226	16.875	76
252	16.875	60
259	16.875	51
277	16.875	46
284	16.875	39
284	16.875	58
296	16.875	53
313	16.875	48
54	16.75	127
85	16.75	122
99	16.75	126
112	16.75	123
128	16.75	123
131	16.75	133
133	16.75	120
137	16.75	133
153	16.75	131
155	16.75	116
178	16.75	130
179	16.75	129
187	16.75	102
205	16.75	89
208	16.75	108
212	16.75	106
244	16.75	75
253	16.75	58
254	16.75	56
254	16.75	69
268	16.75	65
269	16.75	64
270	16.75	63
280	16.75	42
281	16.75	41
289	16.75	57
310	16.75	50
80	16.625	137
81	16.625	124
82	16.625	123
103	16.625	136
126	16.625	124
128	16.625	135
129	16.625	122
154	16.625	117
189	16.625	101
197	16.625	100
205	16.625	109
209	16.625	85
225	16.625	78
238	16.625	64
271	16.625	62
276	16.625	47
281	16.625	59
285	16.625	38
299	16.625	52
308	16.625	51
106	16.5	134
136	16.5	119
159	16.5	114
211	16.5	84
222	16.5	91
256	16.5	53
257	16.5	70
260	16.5	50
262	16.5	49
272	16.5	61
275	16.5	48
279	16.5	59
288	16.5	36
292	16.5	31
294	16.5	29
108	16.375	124
130	16.375	121
151	16.375	25
152	16.375	119
153	16.375	118
198	16.375	99
203	16.375	110
206	16.375	87
207	16.375	86
214	16.375	83
218	16.375	5
220	16.375	4
245	16.375	73
251	16.375	61
252	16.375	68
256	16.375	70
266	16.375	48
273	16.375	60
289	16.375	35
318	16.375	44
319	16.375	43
77	16.25	128
80	16.25	125
106	16.25	125
139	16.25	14
146	16.25	120
149	16.25	28
150	16.25	120
209	16.25	5
267	16.25	48
275	16.25	59
286	16.25	37
291	16.25	32
358	16.25	17
79	16.125	127
81	16.125	136
86	16.125	1
104	16.125	126
116	16.125	29
141	16.125	119
150	16.125	27
156	16.125	114
183	16.125	0
184	16.125	1
206	16.125	4
223	16.125	88
224	16.125	80
242	16.125	64
250	16.125	63
290	16.125	33
295	16.125	28
320	16.125	42
321	16.125	36
354	16.125	15
355	16.125	16
360	16.125	13
82	16	135
113	16	29
136	16	16
137	16	15
142	16	30
147	16	20
147	16	31
148	16	30
152	16	23
174	16	0
297	16	27
354	16	13
358	16	4
361	16	17
87	15.875	3
91	15.875	2
118	15.875	28
135	15.875	25
136	15.875	20
136	15.875	23
140	15.875	29
143	15.875	12
144	15.875	16
151	15.875	21
158	15.875	2
186	15.875	2
212	15.875	6
216	15.875	6
223	15.875	81
244	15.875	65
246	15.875	69
299	15.875	26
322	15.875	33
361	15.875	5
362	15.875	14
363	15.875	5
100	15.75	53
102	15.75	52
112	15.75	16
118	15.75	22
126	15.75	5
127	15.75	6
129	15.75	3
129	15.75	6
135	15.75	17
135	15.75	18
140	15.75	12
143	15.75	32
144	15.75	33
145	15.75	18
145	15.75	33
146	15.75	19
152	15.75	22
156	15.75	10
157	15.75	8
158	15.75	7
163	15.75	0
168	15.75	1
168	15.75	6
188	15.75	1
222	15.75	82
249	15.75	64
300	15.75	25
301	15.75	22
302	15.75	20
304	15.75	19
312	15.75	19
323	15.75	31
354	15.75	3
101	15.625	54
102	15.625	54
112	15.625	21
113	15.625	15
115	15.625	16
116	15.625	18
117	15.625	20
125	15.625	3
128	15.625	2
130	15.625	4
130	15.625	5
134	15.625	28
140	15.625	5
142	15.625	6
142	15.625	10
163	15.625	6
163	15.625	12
164	15.625	7
165	15.625	7
165	15.625	13
166	15.625	7
167	15.625	13
168	15.625	12
169	15.625	11
174	15.625	5
175	15.625	6
176	15.625	7
176	15.625	11
177	15.625	8
178	15.625	9
188	15.625	3
189	15.625	2
189	15.625	5
190	15.625	3
192	15.625	4
192	15.625	8
193	15.625	5
193	15.625	6
321	15.625	20
322	15.625	24
324	15.625	26
324	15.625	30
111	15.5	5
112	15.5	3
112	15.5	6
125	15.5	2
133	15.5	26
140	15.5	7
141	15.5	3
142	15.5	2
143	15.5	2
143	15.5	5
177	15.5	12
190	15.5	9
191	15.5	9
247	15.5	68
248	15.5	65
322	15.5	21
323	15.5	25
326	15.5	27
326	15.5	29
68	15.375	138
46	15.25	136
95	15.25	137
117	15.25	135
121	15.25	124
218	15.25	99
235	15.25	86
43	15.125	133
66	15.125	137
70	15.125	139
89	15.125	136
112	15.125	134
161	15.125	132
165	15.125	134
167	15.125	135
168	15.125	117
117	15	123
120	15	136
163	15	133
165	15	116
179	15	113
180	15	111
202	15	95
230	15	71
242	15	78
45	14.875	127
51	14.875	126
86	14.875	135
100	14.875	137
147	14.875	134
156	14.875	131
181	14.875	109
183	14.875	106
186	14.875	125
204	14.875	91
217	14.875	101
220	14.875	96
221	14.875	94
233	14.875	87
262	14.875	68
63	14.75	135
75	14.75	128
89	14.75	122
94	14.75	124
126	14.75	136
154	14.75	131
163	14.75	115
203	14.75	93
241	14.75	80
279	14.75	43
293	14.75	55
43	14.625	129
54	14.625	136
55	14.625	127
56	14.625	135
59	14.625	134
61	14.625	134
97	14.625	125
125	14.625	124
139	14.625	134
149	14.625	133
151	14.625	132
173	14.625	135
174	14.625	117
176	14.625	116
181	14.625	128
240	14.625	82
260	14.625	69
265	14.625	67
282	14.625	40
285	14.625	58
312	14.625	49
76	14.5	128
84	14.5	122
92	14.5	123
111	14.5	123
130	14.5	134
160	14.5	114
183	14.5	127
209	14.5	108
211	14.5	107
221	14.5	3
222	14.5	92
237	14.5	64
255	14.5	54
257	14.5	52
267	14.5	66
278	14.5	59
282	14.5	59
290	14.5	57
295	14.5	54
297	14.5	53
300	14.5	52
317	14.5	45
100	14.375	126
105	14.375	135
132	14.375	120
132	14.375	133
135	14.375	119
136	14.375	133
188	14.375	101
196	14.375	100
199	14.375	98
201	14.375	111
206	14.375	109
225	14.375	77
252	14.375	59
253	14.375	57
258	14.375	70
265	14.375	48
309	14.375	51
107	14.25	134
127	14.25	123
147	14.25	120
149	14.25	120
155	14.25	115
205	14.25	88
208	14.25	85
210	14.25	84
213	14.25	83
219	14.25	5
245	14.25	74
253	14.25	69
255	14.25	70
261	14.25	49
268	14.25	48
276	14.25	59
357	14.25	17
107	14.125	124
142	14.125	119
151	14.125	26
204	14.125	110
208	14.125	5
224	14.125	79
287	14.125	36
292	14.125	30
293	14.125	29
321	14.125	37
79	14	126
83	14	135
103	14	126
105	14	125
117	14	29
138	14	14
144	14	15
148	14	20
149	14	29
151	14	119
152	14	24
174	14	1
185	14	2
211	14	6
217	14	6
223	14	89
246	14	70
250	14	62
251	14	68
274	14	48
274	14	60
289	14	34
357	14	4
78	13.875	127
86	13.875	2
111	13.875	18
114	13.875	30
115	13.875	30
136	13.875	21
136	13.875	22
139	13.875	13
139	13.875	29
141	13.875	30
142	13.875	31
147	13.875	32
158	13.875	3
158	13.875	6
188	13.875	0
205	13.875	4
224	13.875	88
243	13.875	64
296	13.875	27
313	13.875	19
322	13.875	34
360	13.875	5
361	13.875	13
364	13.875	5
91	13.75	3
111	13.75	17
111	13.75	19
112	13.75	22
116	13.75	17
135	13.75	19
135	13.75	24
143	13.75	11
145	13.75	17
146	13.75	33
156	13.75	9
157	13.75	12
163	13.75	1
189	13.75	6
221	13.75	82
298	13.75	26
300	13.75	24
301	13.75	21
303	13.75	19
323	13.75	32
362	13.75	17
68	13.625	127
98	13.625	52
99	13.625	53
115	13.625	15
117	13.625	19
118	13.625	21
125	13.625	4
133	13.625	28
134	13.625	25
140	13.625	4
140	13.625	11
142	13.625	7
156	13.625	12
162	13.625	12
163	13.625	5
164	13.625	13
167	13.625	6
168	13.625	2
168	13.625	5
170	13.625	11
174	13.625	4
175	13.625	11
187	13.625	3
188	13.625	4
191	13.625	3
193	13.625	7
245	13.625	65
322	13.625	22
322	13.625	23
325	13.625	26
325	13.625	30
67	13.5	127
69	13.5	127
111	13.5	2
113	13.5	6
140	13.5	8
142	13.5	9
247	13.5	65
248	13.5	68
322	13.5	20
66	13.375	127
70	13.375	127
49	13.25	137
65	13.25	127
74	13.25	140
75	13.25	140
94	13.25	137
191	13.25	121
192	13.25	120
50	13.125	137
71	13.125	127
93	13.125	137
122	13.125	124
190	13.125	122
48	13	137
73	13	140
76	13	140
116	13	135
189	13	123
193	13	119
222	13	0
51	12.875	137
64	12.875	127
92	12.875	137
111	12.875	134
115	12.875	135
123	12.875	124
143	12.875	135
144	12.875	135
155	12.875	131
169	12.875	117
229	12.875	72
44	12.75	135
72	12.75	127
72	12.75	140
88	12.75	136
118	12.75	123
124	12.75	124
142	12.75	135
160	12.75	132
194	12.75	118
201	12.75	96
219	12.75	98
222	12.75	1
228	12.75	73
233	12.75	67
234	12.75	66
46	12.625	126
52	12.625	126
52	12.625	137
56	12.625	127
60	12.625	134
63	12.625	127
64	12.625	136
77	12.625	140
91	12.625	137
101	12.625	137
114	12.625	135
119	12.625	136
145	12.625	135
166	12.625	116
170	12.625	117
170	12.625	136
173	12.625	117
178	12.625	114
182	12.625	107
188	12.625	124
200	12.625	97
227	12.625	74
232	12.625	68
236	12.625	86
243	12.625	77
278	12.625	44
57	12.5	127
73	12.5	127
85	12.5	135
90	12.5	122
95	12.5	124
110	12.5	134
119	12.5	123
122	12.5	137
123	12.5	137
141	12.5	135
159	12.5	132
169	12.5	136
171	12.5	117
171	12.5	136
172	12.5	117
177	12.5	115
184	12.5	104
185	12.5	103
185	12.5	126
195	12.5	117
204	12.5	90
226	12.5	75
230	12.5	88
231	12.5	69
235	12.5	65
258	12.5	51
263	12.5	68
283	12.5	39
286	12.5	58
292	12.5	56
301	12.5	52
42	12.375	131
48	12.375	125
49	12.375	125
53	12.375	126
57	12.375	135
58	12.375	127
62	12.375	127
79	12.375	139
80	12.375	138
83	12.375	122
98	12.375	125
102	12.375	137
104	12.375	136
109	12.375	134
110	12.375	123
124	12.375	137
127	12.375	136
138	12.375	134
148	12.375	120
152	12.375	132
161	12.375	114
175	12.375	134
176	12.375	133
180	12.375	129
186	12.375	102
196	12.375	116
197	12.375	115
198	12.375	114
199	12.375	113
200	12.375	112
214	12.375	105
215	12.375	104
216	12.375	103
229	12.375	88
231	12.375	88
238	12.375	85
239	12.375	84
244	12.375	76
254	12.375	55
264	12.375	48
277	12.375	45
277	12.375	59
283	12.375	59
287	12.375	58
302	12.375	52
303	12.375	52
304	12.375	52
305	12.375	52
306	12.375	52
311	12.375	50
315	12.375	47
316	12.375	46
59	12.25	127
81	12.25	123
97	12.25	138
108	12.25	134
114	12.25	122
115	12.25	122
128	12.25	122
129	12.25	135
131	12.25	120
133	12.25	133
134	12.25	119
135	12.25	133
158	12.25	132
177	12.25	132
195	12.25	100
207	12.25	109
213	12.25	106
228	12.25	88
259	12.25	50
269	12.25	65
270	12.25	64
271	12.25	63
288	12.25	58
298	12.25	53
307	12.25	52
314	12.25	48
60	12.125	127
61	12.125	127
80	12.125	124
84	12.125	135
86	12.125	121
87	12.125	121
98	12.125	138
101	12.125	126
109	12.125	123
113	12.125	122
119	12.125	25
119	12.125	26
129	12.125	121
134	12.125	133
143	12.125	119
154	12.125	116
178	12.125	131
179	12.125	130
191	12.125	100
192	12.125	100
193	12.125	100
194	12.125	100
197	12.125	99
202	12.125	111
212	12.125	83
216	12.125	82
217	12.125	82
239	12.125	63
251	12.125	60
263	12.125	48
269	12.125	48
272	12.125	62
276	12.125	46
280	12.125	41
284	12.125	38
288	12.125	35
321	12.125	38
321	12.125	39
356	12.125	12
356	12.125	17
357	12.125	12
81	12	137
85	12	0
102	12	126
112	12	25
112	12	26
112	12	27
119	12	24
119	12	27
137	12	118
138	12	118
144	12	14
144	12	119
152	12	118
153	12	117
157	12	113
158	12	113
183	12	1
190	12	100
206	12	86
207	12	5
210	12	6
215	12	82
218	12	82
223	12	90
227	12	88
240	12	63
246	12	71
246	12	72
270	12	48
273	12	61
275	12	47
280	12	60
285	12	37
291	12	31
294	12	28
319	12	44
320	12	43
321	12	40
353	12	0
354	12	16
355	12	12
358	12	12
82	11.875	136
88	11.875	4
89	11.875	4
90	11.875	4
100	11.875	51
101	11.875	51
112	11.875	23
112	11.875	24
112	11.875	28
113	11.875	30
119	11.875	23
136	11.875	15
136	11.875	29
137	11.875	29
138	11.875	29
139	11.875	118
140	11.875	118
144	11.875	13
145	11.875	119
148	11.875	31
149	11.875	20
150	11.875	20
150	11.875	28
157	11.875	0
157	11.875	1
158	11.875	4
158	11.875	5
158	11.875	12
174	11.875	2
204	11.875	1
204	11.875	2
213	11.875	7
214	11.875	7
215	11.875	7
219	11.875	82
220	11.875	82
223	11.875	80
226	11.875	88
241	11.875	63
249	11.875	63
271	11.875	48
273	11.875	48
290	11.875	32
314	11.875	19
321	11.875	41
322	11.875	35
353	11.875	1
353	11.875	2
353	11.875	14
355	11.875	4
356	11.875	4
359	11.875	5
359	11.875	12
359	11.875	18
360	11.875	18
363	11.875	15
365	11.875	5
92	11.75	0
92	11.75	1
99	11.75	51
100	11.75	54
103	11.75	53
111	11.75	20
112	11.75	15
126	11.75	6
127	11.75	1
128	11.75	7
129	11.75	2
130	11.75	3
130	11.75	6
135	11.75	16
135	11.75	29
143	11.75	33
146	11.75	18
147	11.75	19
152	11.75	21
155	11.75	11
157	11.75	7
159	11.75	12
160	11.75	12
161	11.75	12
163	11.75	2
163	11.75	3
163	11.75	4
167	11.75	0
168	11.75	3
168	11.75	4
169	11.75	12
171	11.75	11
172	11.75	11
173	11.75	11
174	11.75	3
174	11.75	11
175	11.75	5
176	11.75	6
177	11.75	7
189	11.75	1
189	11.75	7
193	11.75	4
204	11.75	0
204	11.75	3
222	11.75	81
225	11.75	88
247	11.75	69
250	11.75	68
272	11.75	48
299	11.75	25
300	11.75	23
305	11.75	18
306	11.75	18
307	11.75	18
308	11.75	18
309	11.75	18
310	11.75	18
311	11.75	18
315	11.75	19
316	11.75	19
317	11.75	19
318	11.75	19
319	11.75	19
324	11.75	31
362	11.75	6
363	11.75	16
110	11.625	3
110	11.625	4
111	11.625	6
112	11.625	2
113	11.625	4
113	11.625	5
114	11.625	14
126	11.625	1
132	11.625	27
139	11.625	6
140	11.625	9
140	11.625	10
141	11.625	2
142	11.625	8
143	11.625	6
144	11.625	3
144	11.625	4
164	11.625	6
166	11.625	14
168	11.625	13
176	11.625	12
178	11.625	8
178	11.625	13
179	11.625	10
179	11.625	11
179	11.625	12
189	11.625	8
190	11.625	2
192	11.625	9
246	11.625	65
248	11.625	64
249	11.625	68
308	11.625	0
320	11.625	19
323	11.625	24
324	11.625	25
327	11.625	28
45	10.75	136
47	10.75	137
67	10.75	138
69	10.75	139
166	10.75	135
43	10.625	134
164	10.625	134
218	10.625	100
234	10.625	87
65	10.5	137
71	10.5	140
90	10.5	137
113	10.5	135
118	10.5	136
148	10.5	134
162	10.5	133
164	10.5	115
168	10.5	136
179	10.5	112
180	10.5	110
220	10.5	97
221	10.5	95
242	10.5	79
42	10.375	132
50	10.375	125
55	10.375	136
87	10.375	136
120	10.375	123
121	10.375	137
146	10.375	135
167	10.375	116
181	10.375	108
183	10.375	105
187	10.375	125
202	10.375	94
203	10.375	92
217	10.375	102
222	10.375	2
222	10.375	93
230	10.375	70
241	10.375	81
261	10.375	69
266	10.375	67
294	10.375	55
42	10.25	130
44	10.25	127
47	10.25	125
53	10.25	137
54	10.25	126
62	10.25	135
74	10.25	127
78	10.25	140
88	10.25	121
91	10.25	122
93	10.25	123
96	10.25	124
96	10.25	138
99	10.25	138
116	10.25	122
125	10.25	137
140	10.25	135
150	10.25	133
153	10.25	132
157	10.25	132
172	10.25	136
174	10.25	135
175	10.25	116
182	10.25	128
184	10.25	127
210	10.25	108
225	10.25	76
232	10.25	88
236	10.25	64
237	10.25	86
240	10.25	83
259	10.25	70
264	10.25	68
284	10.25	59
291	10.25	57
296	10.25	54
43	10.125	128
58	10.125	135
82	10.125	122
85	10.125	121
99	10.125	125
103	10.125	137
106	10.125	135
112	10.125	122
126	10.125	123
128	10.125	136
131	10.125	134
133	10.125	119
137	10.125	134
162	10.125	114
187	10.125	101
204	10.125	89
205	10.125	110
208	10.125	109
209	10.125	84
212	10.125	107
224	10.125	78
238	10.125	63
245	10.125	75
252	10.125	58
253	10.125	56
254	10.125	70
268	10.125	66
279	10.125	42
281	10.125	40
289	10.125	58
299	10.125	53
308	10.125	52
310	10.125	51
313	10.125	49
79	10	125
85	10	1
106	10	124
108	10	123
116	10	30
130	10	120
136	10	118
152	10	25
159	10	113
184	10	2
189	10	100
198	10	98
203	10	111
205	10	87
207	10	85
209	10	6
211	10	83
214	10	82
218	10	6
220	10	5
221	10	4
223	10	91
250	10	61
252	10	69
255	10	53
256	10	52
257	10	71
260	10	49
262	10	48
266	10	47
279	10	60
281	10	60
318	10	45
355	10	17
77	9.875	127
86	9.875	3
104	9.875	125
112	9.875	29
118	9.875	29
119	9.875	28
135	9.875	20
135	9.875	23
137	9.875	14
138	9.875	13
141	9.875	118
144	9.875	12
145	9.875	16
146	9.875	119
149	9.875	30
150	9.875	119
151	9.875	27
153	9.875	23
155	9.875	114
156	9.875	113
157	9.875	2
175	9.875	0
182	9.875	0
206	9.875	5
212	9.875	7
216	9.875	7
242	9.875	63
244	9.875	64
246	9.875	73
256	9.875	71
267	9.875	47
275	9.875	60
286	9.875	36
289	9.875	33
295	9.875	27
297	9.875	26
321	9.875	42
322	9.875	36
353	9.875	13
353	9.875	15
354	9.875	12
358	9.875	5
358	9.875	18
360	9.875	12
361	9.875	6
361	9.875	18
362	9.875	13
363	9.875	14
78	9.75	126
87	9.75	4
92	9.75	2
98	9.75	51
98	9.75	53
101	9.75	55
102	9.75	51
102	9.75	55
103	9.75	52
103	9.75	54
111	9.75	16
111	9.75	21
113	9.75	14
116	9.75	16
117	9.75	18
118	9.75	20
119	9.75	22
124	9.75	2
124	9.75	3
125	9.75	1
125	9.75	5
127	9.75	7
128	9.75	1
129	9.75	7
131	9.75	4
131	9.75	5
132	9.75	26
133	9.75	25
134	9.75	17
134	9.75	18
134	9.75	24
134	9.75	29
139	9.75	5
139	9.75	7
139	9.75	12
140	9.75	3
140	9.75	30
141	9.75	31
142	9.75	32
143	9.75	10
144	9.75	34
145	9.75	34
151	9.75	20
153	9.75	22
155	9.75	10
155	9.75	12
156	9.75	8
163	9.75	13
164	9.75	0
165	9.75	6
165	9.75	14
166	9.75	6
167	9.75	1
167	9.75	5
167	9.75	14
179	9.75	9
186	9.75	3
187	9.75	4
188	9.75	5
189	9.75	9
192	9.75	3
193	9.75	8
194	9.75	5
194	9.75	6
224	9.75	89
300	9.75	22
301	9.75	20
302	9.75	19
304	9.75	18
312	9.75	18
321	9.75	19
323	9.75	33
326	9.75	26
326	9.75	30
353	9.75	3
354	9.75	4
363	9.75	6
110	9.625	2
110	9.625	5
112	9.625	7
113	9.625	3
113	9.625	7
142	9.625	1
143	9.625	1
144	9.625	2
144	9.625	5
177	9.625	13
190	9.625	10
191	9.625	10
323	9.625	21
327	9.625	27
327	9.625	29
46	8.375	137
112	8.375	135
219	8.375	99
235	8.375	87
42	8.25	133
45	8.25	126
51	8.25	125
66	8.25	138
68	8.25	139
89	8.25	137
95	8.25	138
117	8.25	136
120	8.25	137
121	8.25	123
156	8.25	132
165	8.25	115
165	8.25	135
167	8.25	136
178	8.25	113
182	8.25	106
201	8.25	95
229	8.25	71
243	8.25	78
54	8.125	137
55	8.125	126
56	8.125	136
59	8.125	135
61	8.125	135
63	8.125	136
70	8.125	140
75	8.125	127
86	8.125	136
89	8.125	121
100	8.125	138
105	8.125	136
117	8.125	122
125	8.125	123
126	8.125	137
147	8.125	135
149	8.125	134
154	8.125	132
161	8.125	133
163	8.125	134
168	8.125	116
173	8.125	136
174	8.125	116
176	8.125	115
179	8.125	111
180	8.125	109
186	8.125	126
199	8.125	97
201	8.125	112
202	8.125	93
203	8.125	91
218	8.125	101
221	8.125	96
222	8.125	3
222	8.125	94
233	8.125	88
242	8.125	80
254	8.125	54
257	8.125	51
260	8.125	70
262	8.125	69
278	8.125	43
282	8.125	39
285	8.125	59
293	8.125	56
312	8.125	50
42	8	129
76	8	127
84	8	121
92	8	122
94	8	123
97	8	124
100	8	125
111	8	122
127	8	122
130	8	135
132	8	119
132	8	134
135	8	118
136	8	134
139	8	135
151	8	133
154	8	115
160	8	113
163	8	114
181	8	129
183	8	128
188	8	100
196	8	99
206	8	110
209	8	109
211	8	108
223	8	92
224	8	77
237	8	63
241	8	82
251	8	59
252	8	57
253	8	70
258	8	71
265	8	47
265	8	68
267	8	67
268	8	47
278	8	60
282	8	60
290	8	58
292	8	29
295	8	55
297	8	54
300	8	53
317	8	46
83	7.875	136
85	7.875	2
91	7.875	4
103	7.875	125
105	7.875	124
107	7.875	123
107	7.875	135
110	7.875	18
111	7.875	22
114	7.875	31
115	7.875	31
117	7.875	30
135	7.875	21
135	7.875	22
139	7.875	30
142	7.875	118
144	7.875	11
145	7.875	15
147	7.875	33
147	7.875	119
148	7.875	19
148	7.875	32
149	7.875	119
150	7.875	29
151	7.875	118
152	7.875	26
153	7.875	24
157	7.875	3
157	7.875	6
157	7.875	13
175	7.875	1
185	7.875	3
189	7.875	0
204	7.875	4
204	7.875	88
204	7.875	111
205	7.875	5
208	7.875	6
208	7.875	84
210	7.875	83
211	7.875	7
213	7.875	82
217	7.875	7
219	7.875	6
223	7.875	79
243	7.875	63
246	7.875	74
247	7.875	70
249	7.875	62
251	7.875	69
255	7.875	71
261	7.875	48
274	7.875	47
274	7.875	61
276	7.875	60
287	7.875	35
288	7.875	34
291	7.875	30
293	7.875	28
296	7.875	26
309	7.875	52
322	7.875	37
357	7.875	5
357	7.875	18
360	7.875	6
361	7.875	12
362	7.875	18
363	7.875	17
92	7.75	3
97	7.75	52
99	7.75	54
110	7.75	17
110	7.75	19
111	7.75	1
114	7.75	6
115	7.75	14
116	7.75	15
117	7.75	17
118	7.75	19
119	7.75	21
124	7.75	4
132	7.75	28
133	7.75	29
134	7.75	19
139	7.75	4
139	7.75	8
139	7.75	11
143	7.75	7
143	7.75	9
146	7.75	17
146	7.75	34
155	7.75	9
156	7.75	13
162	7.75	13
164	7.75	1
164	7.75	5
164	7.75	14
167	7.75	2
170	7.75	12
175	7.75	4
175	7.75	12
179	7.75	13
188	7.75	6
191	7.75	2
194	7.75	7
221	7.75	81
245	7.75	64
247	7.75	64
248	7.75	69
298	7.75	25
299	7.75	24
300	7.75	21
303	7.75	18
307	7.75	0
309	7.75	0
313	7.75	18
314	7.75	0
315	7.75	0
322	7.75	19
323	7.75	20
323	7.75	22
323	7.75	23
323	7.75	34
324	7.75	32
325	7.75	25
325	7.75	31
364	7.75	6
67	6.5	126
68	6.5	126
191	6.5	122
192	6.5	121
49	6.375	138
65	6.375	126
66	6.375	126
69	6.375	126
70	6.375	126
190	6.375	123
193	6.375	120
43	6.25	135
44	6.25	136
48	6.25	138
50	6.25	138
71	6.25	126
74	6.25	141
75	6.25	141
76	6.25	141
93	6.25	138
94	6.25	138
116	6.25	136
122	6.25	123
155	6.25	132
189	6.25	124
194	6.25	119
200	6.25	96
223	6.25	0
227	6.25	73
228	6.25	72
232	6.25	67
233	6.25	66
234	6.25	65
46	6.125	125
51	6.125	138
52	6.125	125
56	6.125	126
60	6.125	135
64	6.125	126
64	6.125	137
72	6.125	126
73	6.125	141
80	6.125	139
88	6.125	137
92	6.125	138
101	6.125	138
111	6.125	135
115	6.125	136
118	6.125	122
119	6.125	137
123	6.125	123
124	6.125	123
142	6.125	136
143	6.125	136
144	6.125	136
145	6.125	136
169	6.125	116
177	6.125	114
181	6.125	107
183	6.125	104
184	6.125	103
185	6.125	102
188	6.125	125
195	6.125	118
214	6.125	106
215	6.125	105
216	6.125	104
220	6.125	98
223	6.125	1
225	6.125	75
226	6.125	74
231	6.125	68
235	6.125	64
236	6.125	87
239	6.125	85
244	6.125	77
258	6.125	50
277	6.125	44
316	6.125	47
43	6	127
52	6	138
57	6	126
57	6	136
58	6	126
63	6	126
72	6	141
77	6	141
79	6	140
80	6	123
81	6	122
81	6	138
83	6	121
85	6	136
90	6	121
91	6	138
102	6	138
104	6	137
110	6	122
110	6	135
114	6	136
120	6	25
120	6	26
122	6	138
123	6	138
124	6	138
127	6	137
128	6	121
129	6	136
134	6	118
141	6	136
148	6	119
160	6	133
166	6	115
169	6	137
170	6	116
170	6	137
171	6	116
171	6	137
172	6	116
173	6	116
175	6	135
176	6	134
177	6	133
178	6	132
179	6	131
180	6	130
183	6	2
185	6	127
186	6	101
196	6	117
197	6	116
198	6	115
199	6	114
200	6	113
203	6	90
213	6	107
217	6	103
229	6	89
230	6	69
230	6	89
238	6	86
240	6	84
245	6	76
253	6	55
263	6	69
264	6	47
269	6	47
269	6	66
270	6	65
271	6	64
272	6	63
273	6	62
276	6	45
277	6	60
279	6	41
280	6	40
283	6	38
283	6	60
286	6	59
287	6	59
292	6	57
301	6	53
302	6	53
303	6	53
304	6	53
305	6	53
306	6	53
311	6	51
314	6	49
315	6	48
320	6	44
41	5.875	131
48	5.875	124
49	5.875	124
53	5.875	125
59	5.875	126
60	5.875	126
61	5.875	126
62	5.875	126
73	5.875	126
79	5.875	124
82	5.875	137
84	5.875	0
84	5.875	136
86	5.875	4
86	5.875	120
87	5.875	120
88	5.875	5
89	5.875	5
90	5.875	5
95	5.875	123
98	5.875	124
99	5.875	50
100	5.875	50
100	5.875	55
101	5.875	50
101	5.875	125
102	5.875	125
103	5.875	51
103	5.875	55
108	5.875	135
109	5.875	122
109	5.875	135
110	5.875	20
111	5.875	15
111	5.875	23
111	5.875	24
111	5.875	25
111	5.875	26
111	5.875	27
111	5.875	28
112	5.875	14
112	5.875	30
113	5.875	31
113	5.875	121
114	5.875	121
115	5.875	121
119	5.875	29
119	5.875	122
120	5.875	23
120	5.875	24
120	5.875	27
125	5.875	6
126	5.875	7
129	5.875	1
129	5.875	120
130	5.875	2
130	5.875	7
131	5.875	3
131	5.875	6
131	5.875	119
133	5.875	134
134	5.875	16
134	5.875	134
135	5.875	15
135	5.875	30
135	5.875	134
136	5.875	14
136	5.875	30
137	5.875	30
137	5.875	117
138	5.875	30
138	5.875	117
138	5.875	135
139	5.875	117
142	5.875	33
143	5.875	34
143	5.875	118
144	5.875	118
145	5.875	13
145	5.875	14
145	5.875	118
147	5.875	18
149	5.875	19
149	5.875	31
150	5.875	19
151	5.875	28
152	5.875	20
152	5.875	117
152	5.875	133
153	5.875	21
153	5.875	116
155	5.875	13
155	5.875	113
156	5.875	0
156	5.875	1
156	5.875	7
157	5.875	4
157	5.875	5
157	5.875	112
158	5.875	13
158	5.875	112
158	5.875	133
159	5.875	13
159	5.875	133
161	5.875	113
164	5.875	2
169	5.875	13
175	5.875	2
175	5.875	3
176	5.875	5
177	5.875	6
178	5.875	7
182	5.875	1
188	5.875	7
193	5.875	3
193	5.875	9
193	5.875	99
194	5.875	4
194	5.875	99
195	5.875	99
197	5.875	98
202	5.875	112
203	5.875	1
203	5.875	2
203	5.875	3
205	5.875	86
206	5.875	85
207	5.875	6
207	5.875	110
210	5.875	7
212	5.875	82
213	5.875	8
214	5.875	8
215	5.875	8
215	5.875	81
216	5.875	81
217	5.875	81
218	5.875	81
219	5.875	81
220	5.875	81
221	5.875	5
222	5.875	80
224	5.875	90
226	5.875	89
227	5.875	89
228	5.875	89
231	5.875	89
239	5.875	62
240	5.875	62
241	5.875	62
247	5.875	71
247	5.875	72
248	5.875	63
250	5.875	60
250	5.875	69
255	5.875	52
259	5.875	49
263	5.875	47
270	5.875	47
271	5.875	47
273	5.875	47
275	5.875	46
284	5.875	37
285	5.875	36
288	5.875	59
289	5.875	32
290	5.875	31
294	5.875	27
298	5.875	54
301	5.875	19
307	5.875	53
314	5.875	18
319	5.875	45
321	5.875	43
322	5.875	38
322	5.875	39
322	5.875	40
322	5.875	41
323	5.875	35
352	5.875	0
352	5.875	1
352	5.875	2
352	5.875	14
353	5.875	4
353	5.875	12
353	5.875	16
354	5.875	17
355	5.875	5
355	5.875	11
356	5.875	5
356	5.875	11
356	5.875	18
357	5.875	11
358	5.875	11
359	5.875	6
359	5.875	11
363	5.875	13
364	5.875	15
364	5.875	16
365	5.875	6
93	5.75	0
93	5.75	1
97	5.75	51
97	5.75	53
97	5.75	139
98	5.75	139
104	5.75	53
109	5.75	3
109	5.75	4
110	5.75	1
110	5.75	6
111	5.75	7
112	5.75	1
113	5.75	2
113	5.75	8
114	5.75	4
114	5.75	5
114	5.75	7
114	5.75	13
124	5.75	1
126	5.75	0
127	5.75	0
128	5.75	8
131	5.75	27
132	5.75	25
138	5.75	6
139	5.75	9
139	5.75	10
140	5.75	2
140	5.75	117
141	5.75	1
143	5.75	8
144	5.75	1
144	5.75	6
145	5.75	3
145	5.75	4
154	5.75	11
160	5.75	13
161	5.75	13
164	5.75	3
164	5.75	4
166	5.75	0
166	5.75	15
167	5.75	3
167	5.75	4
168	5.75	14
171	5.75	12
172	5.75	12
173	5.75	12
174	5.75	12
176	5.75	13
178	5.75	14
179	5.75	8
180	5.75	10
180	5.75	11
180	5.75	12
188	5.75	8
189	5.75	10
190	5.75	1
190	5.75	99
191	5.75	99
192	5.75	10
192	5.75	99
203	5.75	0
225	5.75	89
246	5.75	64
249	5.75	69
272	5.75	47
280	5.75	61
299	5.75	23
305	5.75	17
306	5.75	17
307	5.75	17
308	5.75	1
308	5.75	17
309	5.75	17
310	5.75	17
311	5.75	17
315	5.75	18
316	5.75	18
317	5.75	18
318	5.75	18
319	5.75	18
320	5.75	18
324	5.75	24
327	5.75	26
327	5.75	30
328	5.75	28
359	5.75	19
360	5.75	19
362	5.75	7
42	4.125	134
45	4.125	137
47	4.125	138
67	4.125	139
69	4.125	140
164	4.125	135
166	4.125	136
219	4.125	100
234	4.125	88
42	4	128
44	4	126
55	4	137
62	4	136
65	4	138
78	4	141
82	4	121
87	4	137
106	4	123
106	4	136
113	4	136
118	4	137
121	4	138
125	4	138
131	4	135
146	4	136
148	4	135
150	4	134
153	4	25
162	4	134
164	4	114
168	4	137
172	4	137
174	4	136
175	4	115
178	4	112
179	4	110
180	4	108
182	4	105
182	4	129
187	4	100
187	4	126
201	4	94
202	4	92
209	4	83
210	4	109
212	4	108
218	4	102
221	4	97
222	4	4
222	4	95
223	4	2
223	4	93
224	4	76
229	4	70
236	4	63
237	4	87
241	4	83
242	4	81
243	4	79
251	4	58
254	4	53
254	4	71
256	4	51
259	4	71
261	4	70
266	4	68
268	4	67
278	4	42
281	4	39
291	4	58
294	4	56
296	4	55
313	4	50
41	3.875	130
41	3.875	132
47	3.875	124
50	3.875	124
53	3.875	138
54	3.875	125
58	3.875	136
71	3.875	141
74	3.875	126
77	3.875	126
78	3.875	125
84	3.875	1
85	3.875	3
85	3.875	120
87	3.875	5
88	3.875	120
90	3.875	138
91	3.875	5
91	3.875	121
92	3.875	4
93	3.875	2
93	3.875	122
96	3.875	123
96	3.875	139
98	3.875	50
98	3.875	54
99	3.875	124
99	3.875	139
101	3.875	56
102	3.875	50
102	3.875	56
103	3.875	138
104	3.875	52
104	3.875	54
104	3.875	124
108	3.875	122
109	3.875	2
109	3.875	5
110	3.875	16
110	3.875	21
111	3.875	29
112	3.875	8
112	3.875	121
113	3.875	13
114	3.875	3
114	3.875	8
115	3.875	13
116	3.875	14
116	3.875	31
116	3.875	121
117	3.875	16
118	3.875	18
118	3.875	30
119	3.875	20
120	3.875	22
120	3.875	28
120	3.875	122
123	3.875	2
123	3.875	3
124	3.875	5
125	3.875	0
126	3.875	122
127	3.875	8
128	3.875	0
128	3.875	137
129	3.875	8
130	3.875	119
131	3.875	26
131	3.875	28
132	3.875	4
132	3.875	5
132	3.875	29
133	3.875	17
133	3.875	18
133	3.875	24
133	3.875	118
134	3.875	20
134	3.875	23
134	3.875	30
136	3.875	117
137	3.875	13
137	3.875	135
138	3.875	5
138	3.875	7
138	3.875	12
139	3.875	3
140	3.875	31
140	3.875	136
141	3.875	32
141	3.875	117
142	3.875	0
143	3.875	0
144	3.875	10
144	3.875	35
145	3.875	2
145	3.875	5
145	3.875	12
145	3.875	35
146	3.875	16
146	3.875	118
147	3.875	34
148	3.875	33
150	3.875	30
150	3.875	118
151	3.875	19
152	3.875	27
153	3.875	133
154	3.875	10
154	3.875	12
154	3.875	22
154	3.875	23
154	3.875	114
155	3.875	8
156	3.875	2
156	3.875	112
157	3.875	133
159	3.875	112
162	3.875	113
163	3.875	14
165	3.875	0
165	3.875	5
165	3.875	15
166	3.875	1
166	3.875	5
167	3.875	15
167	3.875	115
176	3.875	0
177	3.875	14
179	3.875	14
180	3.875	9
180	3.875	13
181	3.875	0
184	3.875	3
184	3.875	128
186	3.875	4
187	3.875	5
188	3.875	9
189	3.875	99
190	3.875	11
191	3.875	11
192	3.875	2
194	3.875	8
195	3.875	5
195	3.875	6
198	3.875	97
203	3.875	4
203	3.875	89
203	3.875	112
204	3.875	5
204	3.875	87
205	3.875	111
206	3.875	6
207	3.875	84
208	3.875	110
209	3.875	7
211	3.875	82
212	3.875	8
214	3.875	81
216	3.875	8
218	3.875	7
220	3.875	6
223	3.875	78
224	3.875	91
232	3.875	89
238	3.875	62
242	3.875	62
244	3.875	63
246	3.875	75
247	3.875	73
249	3.875	61
252	3.875	56
252	3.875	70
256	3.875	72
257	3.875	72
260	3.875	48
262	3.875	47
264	3.875	69
266	3.875	46
267	3.875	46
275	3.875	61
279	3.875	61
281	3.875	61
284	3.875	60
286	3.875	35
288	3.875	33
289	3.875	59
291	3.875	29
292	3.875	28
295	3.875	26
297	3.875	25
299	3.875	22
299	3.875	54
300	3.875	20
302	3.875	18
304	3.875	17
306	3.875	0
307	3.875	1
308	3.875	53
309	3.875	1
310	3.875	0
310	3.875	52
312	3.875	17
313	3.875	0
314	3.875	1
315	3.875	1
316	3.875	0
318	3.875	46
321	3.875	18
322	3.875	42
323	3.875	19
323	3.875	36
324	3.875	20
324	3.875	21
324	3.875	33
326	3.875	25
326	3.875	31
328	3.875	27
328	3.875	29
352	3.875	3
352	3.875	13
352	3.875	15
354	3.875	5
354	3.875	11
355	3.875	18
358	3.875	6
358	3.875	19
360	3.875	11
361	3.875	7
361	3.875	19
362	3.875	12
363	3.875	7
363	3.875	18
364	3.875	14
364	3.875	17
191	2.125	123
192	2.125	122
193	2.125	121
41	2	133
42	2	135
43	2	136
44	2	137
45	2	125
46	2	138
56	2	137
63	2	137
66	2	139
68	2	140
79	2	123
80	2	122
80	2	140
81	2	121
81	2	139
105	2	123
105	2	137
112	2	31
112	2	136
117	2	31
117	2	137
120	2	138
126	2	138
127	2	121
128	2	120
130	2	136
147	2	136
149	2	32
149	2	135
153	2	26
153	2	115
163	2	135
165	2	114
165	2	136
167	2	137
173	2	137
174	2	115
175	2	136
176	2	114
176	2	135
177	2	113
177	2	134
178	2	111
178	2	133
179	2	109
181	2	106
181	2	130
182	2	2
182	2	104
183	2	3
183	2	103
184	2	102
185	2	101
186	2	100
186	2	127
189	2	125
190	2	124
194	2	120
195	2	119
196	2	98
196	2	118
198	2	116
199	2	96
199	2	115
200	2	95
200	2	114
201	2	113
202	2	91
208	2	83
211	2	109
214	2	107
215	2	106
216	2	105
217	2	104
219	2	7
219	2	101
220	2	99
222	2	96
223	2	3
223	2	94
224	2	75
225	2	74
226	2	73
227	2	72
228	2	71
230	2	68
231	2	67
232	2	66
233	2	65
234	2	64
235	2	63
235	2	88
239	2	86
240	2	85
243	2	80
244	2	78
245	2	77
250	2	59
251	2	57
253	2	54
253	2	71
257	2	50
258	2	49
260	2	71
262	2	70
267	2	68
270	2	66
271	2	65
272	2	64
273	2	63
274	2	62
276	2	44
277	2	43
282	2	38
283	2	37
287	2	34
290	2	30
293	2	27
293	2	57
295	2	56
312	2	51
315	2	49
316	2	48
317	2	47
320	2	45
321	2	44
352	2	12
352	2	16
353	2	17
41	1.875	129
42	1.875	127
43	1.875	126
46	1.875	124
51	1.875	124
54	1.875	138
55	1.875	125
59	1.875	136
61	1.875	136
64	1.875	138
70	1.875	141
75	1.875	126
76	1.875	126
78	1.875	124
79	1.875	141
82	1.875	138
83	1.875	137
84	1.875	2
84	1.875	120
85	1.875	4
86	1.875	5
86	1.875	137
89	1.875	120
89	1.875	138
92	1.875	5
92	1.875	121
93	1.875	3
94	1.875	122
95	1.875	139
96	1.875	51
96	1.875	52
96	1.875	53
97	1.875	50
97	1.875	54
97	1.875	123
99	1.875	55
100	1.875	56
100	1.875	124
100	1.875	139
103	1.875	50
103	1.875	56
103	1.875	124
104	1.875	51
104	1.875	55
104	1.875	138
107	1.875	122
107	1.875	136
109	1.875	1
109	1.875	6
109	1.875	17
109	1.875	18
109	1.875	19
110	1.875	0
110	1.875	7
110	1.875	15
110	1.875	22
111	1.875	0
111	1.875	8
111	1.875	14
111	1.875	30
111	1.875	121
112	1.875	0
112	1.875	13
113	1.875	1
113	1.875	32
114	1.875	2
114	1.875	32
115	1.875	6
115	1.875	7
115	1.875	8
115	1.875	32
116	1.875	13
117	1.875	15
117	1.875	121
118	1.875	17
119	1.875	19
119	1.875	30
120	1.875	21
120	1.875	29
121	1.875	122
123	1.875	1
123	1.875	4
124	1.875	0
124	1.875	6
125	1.875	7
125	1.875	122
126	1.875	8
129	1.875	0
129	1.875	119
129	1.875	137
130	1.875	1
130	1.875	8
131	1.875	2
131	1.875	7
131	1.875	25
131	1.875	29
132	1.875	3
132	1.875	6
132	1.875	24
132	1.875	118
132	1.875	135
133	1.875	16
133	1.875	19
133	1.875	30
134	1.875	15
134	1.875	21
134	1.875	22
135	1.875	14
135	1.875	117
136	1.875	13
136	1.875	135
138	1.875	4
138	1.875	8
138	1.875	11
139	1.875	2
139	1.875	31
139	1.875	136
140	1.875	1
141	1.875	0
141	1.875	33
142	1.875	34
142	1.875	117
143	1.875	35
144	1.875	0
144	1.875	7
144	1.875	9
145	1.875	1
145	1.875	6
145	1.875	11
146	1.875	15
146	1.875	35
147	1.875	17
147	1.875	118
148	1.875	18
148	1.875	34
149	1.875	118
150	1.875	31
151	1.875	29
151	1.875	117
151	1.875	134
152	1.875	19
152	1.875	28
152	1.875	116
153	1.875	20
154	1.875	9
154	1.875	13
154	1.875	21
154	1.875	24
154	1.875	113
154	1.875	133
155	1.875	7
155	1.875	14
155	1.875	112
156	1.875	3
156	1.875	6
156	1.875	14
156	1.875	133
157	1.875	14
160	1.875	112
161	1.875	134
162	1.875	14
163	1.875	113
164	1.875	15
165	1.875	1
166	1.875	2
168	1.875	15
168	1.875	115
169	1.875	14
170	1.875	13
175	1.875	13
176	1.875	1
176	1.875	4
176	1.875	14
177	1.875	5
178	1.875	6
179	1.875	7
179	1.875	132
180	1.875	8
180	1.875	14
180	1.875	107
180	1.875	131
181	1.875	1
183	1.875	129
185	1.875	4
185	1.875	128
187	1.875	6
188	1.875	10
188	1.875	99
188	1.875	126
189	1.875	11
190	1.875	0
191	1.875	1
192	1.875	11
193	1.875	2
193	1.875	10
194	1.875	3
194	1.875	9
195	1.875	4
195	1.875	7
197	1.875	97
197	1.875	117
201	1.875	93
203	1.875	5
203	1.875	88
204	1.875	86
204	1.875	112
205	1.875	6
205	1.875	85
206	1.875	84
206	1.875	111
208	1.875	7
209	1.875	110
210	1.875	82
211	1.875	8
213	1.875	81
213	1.875	108
217	1.875	8
218	1.875	103
221	1.875	6
221	1.875	80
221	1.875	98
222	1.875	5
222	1.875	79
223	1.875	77
224	1.875	92
229	1.875	69
233	1.875	89
237	1.875	62
238	1.875	87
241	1.875	84
242	1.875	82
243	1.875	62
245	1.875	63
246	1.875	76
247	1.875	63
247	1.875	74
248	1.875	62
248	1.875	70
249	1.875	60
251	1.875	70
252	1.875	55
254	1.875	52
255	1.875	51
255	1.875	72
258	1.875	72
259	1.875	48
261	1.875	47
265	1.875	46
265	1.875	69
268	1.875	46
269	1.875	67
274	1.875	46
275	1.875	45
276	1.875	61
278	1.875	41
278	1.875	61
279	1.875	40
280	1.875	39
282	1.875	61
284	1.875	36
285	1.875	35
285	1.875	60
288	1.875	32
289	1.875	31
290	1.875	59
291	1.875	28
292	1.875	58
294	1.875	26
296	1.875	25
297	1.875	55
298	1.875	24
299	1.875	21
300	1.875	19
300	1.875	54
301	1.875	18
303	1.875	17
306	1.875	1
309	1.875	53
310	1.875	1
311	1.875	52
313	1.875	1
313	1.875	17
314	1.875	50
316	1.875	1
319	1.875	46
322	1.875	18
322	1.875	43
323	1.875	37
324	1.875	19
324	1.875	22
324	1.875	23
324	1.875	34
325	1.875	24
325	1.875	32
327	1.875	25
327	1.875	31
328	1.875	26
328	1.875	30
352	1.875	4
353	1.875	5
353	1.875	11
354	1.875	18
357	1.875	6
357	1.875	19
360	1.875	7
361	1.875	11
362	1.875	19
363	1.875	12
364	1.875	7
364	1.875	13
364	1.875	18
